------------------------------------------------------- POBLAR TABLA PROVEEDOR ----------------------------------------------
INSERT ALL
    INTO PROVEEDOR (NOMBRE, TIPO_DOCUMENTO, NUM_DOCUMENTO) VALUES ('Joaquin Sabina','CE',1111611111)
    INTO PROVEEDOR (NOMBRE, TIPO_DOCUMENTO, NUM_DOCUMENTO) VALUES ('Pablo Milanés','CC',1111681111)
    INTO PROVEEDOR (NOMBRE, TIPO_DOCUMENTO, NUM_DOCUMENTO) VALUES ('Francisco Céspedes','CE',1111615111)
    INTO PROVEEDOR (NOMBRE, TIPO_DOCUMENTO, NUM_DOCUMENTO) VALUES ('Nara Leão','CE',1111611911)
    INTO PROVEEDOR (NOMBRE, TIPO_DOCUMENTO, NUM_DOCUMENTO) VALUES ('Luis Eduardo Aute','CC',1114611111)
SELECT * FROM DUAL;
------------------------------------------------------- POBLAR TABLA ALOJAMIENTO ----------------------------------------------
INSERT INTO ALOJAMIENTO (DIRECCION, PROVEEDOR_TIPO_DOC, PROVEEDOR_NUM_DOC) VALUES ('cll 132c #44-44','CE',1111611111);
INSERT INTO ALOJAMIENTO (DIRECCION, PROVEEDOR_TIPO_DOC, PROVEEDOR_NUM_DOC) VALUES ('avenida 14 # 88-16','CE',1111611111);
INSERT INTO ALOJAMIENTO (DIRECCION, PROVEEDOR_TIPO_DOC, PROVEEDOR_NUM_DOC) VALUES ('cll 42 # 99-22','CC',1111681111);
INSERT INTO ALOJAMIENTO (DIRECCION, PROVEEDOR_TIPO_DOC, PROVEEDOR_NUM_DOC) VALUES ('cra 42 $ 22-88','CE',1111615111);
INSERT INTO ALOJAMIENTO (DIRECCION, PROVEEDOR_TIPO_DOC, PROVEEDOR_NUM_DOC) VALUES ('cll 220b #66-42','CC',1111681111);
INSERT INTO ALOJAMIENTO (DIRECCION, PROVEEDOR_TIPO_DOC, PROVEEDOR_NUM_DOC) VALUES ('cll 18 # 23-04','CE',1111611911);
INSERT INTO ALOJAMIENTO (DIRECCION, PROVEEDOR_TIPO_DOC, PROVEEDOR_NUM_DOC) VALUES ('avenida 24 # 33-33','CC',1114611111);
INSERT INTO ALOJAMIENTO (DIRECCION, PROVEEDOR_TIPO_DOC, PROVEEDOR_NUM_DOC) VALUES ('cll 4 # 21-22','CE',1111615111);
INSERT INTO ALOJAMIENTO (DIRECCION, PROVEEDOR_TIPO_DOC, PROVEEDOR_NUM_DOC) VALUES ('cra 4 #22-33','CC',1111681111);
INSERT INTO ALOJAMIENTO (DIRECCION, PROVEEDOR_TIPO_DOC, PROVEEDOR_NUM_DOC) VALUES ('cll kripton #99-22','CC',1114611111);
INSERT INTO ALOJAMIENTO (DIRECCION, PROVEEDOR_TIPO_DOC, PROVEEDOR_NUM_DOC) VALUES ('avenida siempreViva #66-22','CE',1111615111);
INSERT INTO ALOJAMIENTO (DIRECCION, PROVEEDOR_TIPO_DOC, PROVEEDOR_NUM_DOC) VALUES ('avenida rosales #11-11','CE',1111611911);
INSERT INTO ALOJAMIENTO (DIRECCION, PROVEEDOR_TIPO_DOC, PROVEEDOR_NUM_DOC) VALUES ('cra 99 # 66-14','CC',1111681111);
INSERT INTO ALOJAMIENTO (DIRECCION, PROVEEDOR_TIPO_DOC, PROVEEDOR_NUM_DOC) VALUES ('avenida torres #42-16','CE',1111611111);
INSERT INTO ALOJAMIENTO (DIRECCION, PROVEEDOR_TIPO_DOC, PROVEEDOR_NUM_DOC) VALUES ('cll 66 #12-22','CC',1114611111);
INSERT INTO ALOJAMIENTO (DIRECCION, PROVEEDOR_TIPO_DOC, PROVEEDOR_NUM_DOC) VALUES ('cll 120 #48-20','CE',1111615111);
INSERT INTO ALOJAMIENTO (DIRECCION, PROVEEDOR_TIPO_DOC, PROVEEDOR_NUM_DOC) VALUES ('cra jj # 22-66','CC',1114611111);
INSERT INTO ALOJAMIENTO (DIRECCION, PROVEEDOR_TIPO_DOC, PROVEEDOR_NUM_DOC) VALUES ('cra 77 # 22-04','CE',1111611111);
INSERT INTO ALOJAMIENTO (DIRECCION, PROVEEDOR_TIPO_DOC, PROVEEDOR_NUM_DOC) VALUES ('cra 11 # 31-32','CE',1111611911);
INSERT INTO ALOJAMIENTO (DIRECCION, PROVEEDOR_TIPO_DOC, PROVEEDOR_NUM_DOC) VALUES ('cll 13 # 6-66','CE',1111615111);
INSERT INTO ALOJAMIENTO (DIRECCION, PROVEEDOR_TIPO_DOC, PROVEEDOR_NUM_DOC) VALUES ('cll 98 # 43-33','CC',1114611111);
INSERT INTO ALOJAMIENTO (DIRECCION, PROVEEDOR_TIPO_DOC, PROVEEDOR_NUM_DOC) VALUES ('cra 28 # 12-29','CC',1111681111);
INSERT INTO ALOJAMIENTO (DIRECCION, PROVEEDOR_TIPO_DOC, PROVEEDOR_NUM_DOC) VALUES ('cll 74 # 7-77','CE',1111611911);
INSERT INTO ALOJAMIENTO (DIRECCION, PROVEEDOR_TIPO_DOC, PROVEEDOR_NUM_DOC) VALUES ('avenida panda #82-62','CE',1111611911);
INSERT INTO ALOJAMIENTO (DIRECCION, PROVEEDOR_TIPO_DOC, PROVEEDOR_NUM_DOC) VALUES ('cra 14 # 77-00','CC',1111681111);
INSERT INTO ALOJAMIENTO (DIRECCION, PROVEEDOR_TIPO_DOC, PROVEEDOR_NUM_DOC) VALUES ('cll rosa # 46-13','CC',1111681111);
INSERT INTO ALOJAMIENTO (DIRECCION, PROVEEDOR_TIPO_DOC, PROVEEDOR_NUM_DOC) VALUES ('avenida panda #88-30','CE',1111611111);
INSERT INTO ALOJAMIENTO (DIRECCION, PROVEEDOR_TIPO_DOC, PROVEEDOR_NUM_DOC) VALUES ('avenida panda #44-35','CE',1111611111);
 select * from alojamiento;
--select * 
--from ALOJAMIENTO
--ORDER BY ID;

select * from reserva;

select * from tiempo_ocupacion;
----------------------------------------------------------POBLAR TABLA CLIENTE-----------------------------------------------------------------

INSERT ALL
   INTO CLIENTE (NOMBRE,TIPO_PERSONA,TIPO_DOCUMENTO,NUM_DOCUMENTO) VALUES ('Pablo Castilla', 'estudiante', 'TI',1111111111)
   INTO CLIENTE (NOMBRE,TIPO_PERSONA,TIPO_DOCUMENTO,NUM_DOCUMENTO) VALUES ('Silvio Rodriguez', 'egresado', 'TI',1111222222)
   INTO CLIENTE (NOMBRE,TIPO_PERSONA,TIPO_DOCUMENTO,NUM_DOCUMENTO) VALUES ('Fernando Delgadillo', 'profesor', 'CE',11113333)
   INTO CLIENTE (NOMBRE,TIPO_PERSONA,TIPO_DOCUMENTO,NUM_DOCUMENTO) VALUES ('Chico Buarque', 'pariente', 'CC',1111222222)
   INTO CLIENTE (NOMBRE,TIPO_PERSONA,TIPO_DOCUMENTO,NUM_DOCUMENTO) VALUES ('Juan Salvador', 'empleado', 'CC',1111444444)
   INTO CLIENTE (NOMBRE,TIPO_PERSONA,TIPO_DOCUMENTO,NUM_DOCUMENTO) VALUES ('Mercedes Sosa', 'estudiante', 'CE',1111666666)
   INTO CLIENTE (NOMBRE,TIPO_PERSONA,TIPO_DOCUMENTO,NUM_DOCUMENTO) VALUES ('Joan Manuel Serrat', 'profesor', 'CC',1111777777)
   INTO CLIENTE (NOMBRE,TIPO_PERSONA,TIPO_DOCUMENTO,NUM_DOCUMENTO) VALUES ('Jorge Drexler', 'registro en evento', 'CC',1111888888)
   INTO CLIENTE (NOMBRE,TIPO_PERSONA,TIPO_DOCUMENTO,NUM_DOCUMENTO) VALUES ('Noel Nicola', 'empleado', 'CC',1111999999)
   INTO CLIENTE (NOMBRE,TIPO_PERSONA,TIPO_DOCUMENTO,NUM_DOCUMENTO) VALUES ('Facundo Cabral', 'registro en evento', 'CE',111300000)
   INTO CLIENTE (NOMBRE, TIPO_PERSONA, TIPO_DOCUMENTO, NUM_DOCUMENTO) VALUES ('Batman Flores', 'pariente', 'CE', 3638722)
   INTO CLIENTE (NOMBRE, TIPO_PERSONA, TIPO_DOCUMENTO, NUM_DOCUMENTO) VALUES ('Lorenzo Torres', 'egresado', 'CC', 2242461)
   INTO CLIENTE (NOMBRE, TIPO_PERSONA, TIPO_DOCUMENTO, NUM_DOCUMENTO) VALUES ('Agatha Jaimes', 'estudiante', 'CC', 332427)
   INTO CLIENTE (NOMBRE, TIPO_PERSONA, TIPO_DOCUMENTO, NUM_DOCUMENTO) VALUES ('Lobezno Lobos', 'registro en evento', 'TI', 3121412)
   INTO CLIENTE (NOMBRE, TIPO_PERSONA, TIPO_DOCUMENTO, NUM_DOCUMENTO) VALUES ('Catalina Jimenez', 'estudiante', 'CC', 14221792214)
   INTO CLIENTE (NOMBRE, TIPO_PERSONA, TIPO_DOCUMENTO, NUM_DOCUMENTO) VALUES ('Carla Morrison', 'profesor', 'CE', 42122482)
   INTO CLIENTE (NOMBRE, TIPO_PERSONA, TIPO_DOCUMENTO, NUM_DOCUMENTO) VALUES ('Juanes Galindo', 'empleado', 'TI', 1248632)
   INTO CLIENTE (NOMBRE, TIPO_PERSONA, TIPO_DOCUMENTO, NUM_DOCUMENTO) VALUES ('Monseur Periné', 'estudiante', 'CC', 143214242)
   INTO CLIENTE (NOMBRE, TIPO_PERSONA, TIPO_DOCUMENTO, NUM_DOCUMENTO) VALUES ('Juan Robles', 'estudiante', 'TI', 926321223)
   INTO CLIENTE (NOMBRE, TIPO_PERSONA, TIPO_DOCUMENTO, NUM_DOCUMENTO) VALUES ('Esteman Francisco', 'pariente', 'CE', 222244763)
SELECT * FROM DUAL;

--select * from cliente;
select * from reserva;
------------------------------------------------------------POBLAR TABLA EMPRESA --------------------------------------------------------------

INSERT INTO EMPRESA (ID_ALOJAMIENTO, NOMBRE) VALUES (1,'Torres de la Floresta');
INSERT INTO EMPRESA (ID_ALOJAMIENTO, NOMBRE) VALUES (2,'Torres Alameda');
INSERT INTO EMPRESA (ID_ALOJAMIENTO, NOMBRE) VALUES (3,'Hotel de la sabana');
INSERT INTO EMPRESA (ID_ALOJAMIENTO, NOMBRE) VALUES (4,'Hotel tequendama');
INSERT INTO EMPRESA (ID_ALOJAMIENTO, NOMBRE) VALUES (5,'Hotel fantasma');
INSERT INTO EMPRESA (ID_ALOJAMIENTO, NOMBRE) VALUES (6,'Hotel kripton');
INSERT INTO EMPRESA (ID_ALOJAMIENTO, NOMBRE) VALUES (7, 'Flash towers');
INSERT INTO EMPRESA (ID_ALOJAMIENTO, NOMBRE) VALUES (8,'Torres 21');
INSERT INTO EMPRESA (ID_ALOJAMIENTO, NOMBRE) VALUES (9,'Hotel Corona');
INSERT INTO EMPRESA (ID_ALOJAMIENTO, NOMBRE) VALUES (10,'Hotel Pandora');
INSERT INTO EMPRESA (ID_ALOJAMIENTO,NOMBRE) VALUES (11,'Buena Vida Hostal');
INSERT INTO EMPRESA (ID_ALOJAMIENTO,NOMBRE) VALUES (12,'Vilar America Hostal');
INSERT INTO EMPRESA (ID_ALOJAMIENTO,NOMBRE) VALUES (13,'Hostal Burbujas');
INSERT INTO EMPRESA (ID_ALOJAMIENTO,NOMBRE) VALUES (14,'El Chorro Hostal');
INSERT INTO EMPRESA (ID_ALOJAMIENTO,NOMBRE) VALUES (15,'Hostal Parissi');
INSERT INTO EMPRESA (ID_ALOJAMIENTO,NOMBRE) VALUES (16,'Hostal Painite');
INSERT INTO EMPRESA (ID_ALOJAMIENTO,NOMBRE) VALUES (17,'EcoTal Hostal');
INSERT INTO EMPRESA (ID_ALOJAMIENTO,NOMBRE) VALUES (18,'Green Hostal');
INSERT INTO EMPRESA (ID_ALOJAMIENTO,NOMBRE) VALUES (19,'Amazonia Hostal');
INSERT INTO EMPRESA (ID_ALOJAMIENTO,NOMBRE) VALUES (20,'Rubi Hostal');
INSERT INTO EMPRESA (ID_ALOJAMIENTO,NOMBRE) VALUES (21,'Musgravite Hostal');
INSERT INTO EMPRESA (ID_ALOJAMIENTO,NOMBRE) VALUES (22,'Sandalo Hostal');
INSERT INTO EMPRESA (ID_ALOJAMIENTO,NOMBRE) VALUES (23,'Livinn');

--select * from empresa;

select * from reserva;


-----------------------------------------------------------POBLAR TABLA HABITACION ---------------------------------------------------------------------------------------------------------------

INSERT INTO HABITACION (EMPRESA, NUM_HABITACION, TIPO, UBICACION, CAPACIDAD, COMPARTIDA, TAMANIO) VALUES (1,101,'ESTANDAR', 'Primer piso con vista a la calle',2,0,12);
INSERT INTO HABITACION (EMPRESA, NUM_HABITACION, TIPO, UBICACION, CAPACIDAD, COMPARTIDA, TAMANIO) VALUES (1,102,'SUITE', 'Primer piso con vista a la calle',2,0,30);
INSERT INTO HABITACION (EMPRESA, NUM_HABITACION, TIPO, UBICACION, CAPACIDAD, COMPARTIDA, TAMANIO) VALUES (1,201,'SEMISUITE', 'Segundo piso con vista a los cerros',3,0,22);
INSERT INTO HABITACION (EMPRESA, NUM_HABITACION, TIPO, UBICACION, CAPACIDAD, COMPARTIDA, TAMANIO) VALUES (1,202,'ESTANDAR', 'Segundo piso con vista a los cerros',2,0,12);
INSERT INTO HABITACION (EMPRESA, NUM_HABITACION, TIPO, UBICACION, CAPACIDAD, COMPARTIDA, TAMANIO) VALUES (2,1,'ESTANDAR', 'Primer piso',1,0,12);
INSERT INTO HABITACION (EMPRESA, NUM_HABITACION, TIPO, UBICACION, CAPACIDAD, COMPARTIDA, TAMANIO) VALUES (2,2,'SEMISUITE','Segundo piso',3,0,20);
INSERT INTO HABITACION (EMPRESA, NUM_HABITACION, TIPO, UBICACION, CAPACIDAD, COMPARTIDA, TAMANIO) VALUES (2,3,'SUITE','tercer piso',6,0,32);
INSERT INTO HABITACION (EMPRESA, NUM_HABITACION, TIPO, UBICACION, CAPACIDAD, COMPARTIDA, TAMANIO) VALUES (3,301,'ESTANDAR', 'Tercer piso junto a la recepción',3,0,20);
INSERT INTO HABITACION (EMPRESA, NUM_HABITACION, TIPO, UBICACION, CAPACIDAD, COMPARTIDA, TAMANIO) VALUES (3,302,'SEMISUITE', 'Tercer piso al fondo del pasillo',2,0,30);
INSERT INTO HABITACION (EMPRESA, NUM_HABITACION, TIPO, UBICACION, CAPACIDAD, COMPARTIDA, TAMANIO) VALUES (3,401,'ESTANDAR', 'Cuarto piso junto a las escaleras',3,0,20);
INSERT INTO HABITACION (EMPRESA, NUM_HABITACION, TIPO, UBICACION, CAPACIDAD, COMPARTIDA, TAMANIO) VALUES (3,402,'SEMISUITE', 'Cuarto piso al fondo del pasillo',2,0,30);
INSERT INTO HABITACION (EMPRESA, NUM_HABITACION, TIPO, UBICACION, CAPACIDAD, COMPARTIDA, TAMANIO) VALUES (3,501,'SUITE', 'Quinto piso',3,0,20);
INSERT INTO HABITACION (EMPRESA, NUM_HABITACION, TIPO, UBICACION, CAPACIDAD, COMPARTIDA, TAMANIO) VALUES (4,101,'ESTANDAR', 'Primer piso junto a la recepción',2,0,30);
INSERT INTO HABITACION (EMPRESA, NUM_HABITACION, TIPO, UBICACION, CAPACIDAD, COMPARTIDA, TAMANIO) VALUES (4,102,'ESTANDAR', 'Primer piso al fondo del pasillo',2,0,30);
INSERT INTO HABITACION (EMPRESA, NUM_HABITACION, TIPO, UBICACION, CAPACIDAD, COMPARTIDA, TAMANIO) VALUES (5,1,'ESTANDAR', 'Primer piso',3,0,20);
INSERT INTO HABITACION (EMPRESA, NUM_HABITACION, TIPO, UBICACION, CAPACIDAD, COMPARTIDA, TAMANIO) VALUES (5,2,'SEMISUITE', 'Segundo piso',2,0,30);
INSERT INTO HABITACION (EMPRESA, NUM_HABITACION, TIPO, UBICACION, CAPACIDAD, COMPARTIDA, TAMANIO) VALUES (5,3,'ESTANDAR', 'Tercer piso',3,0,20);
INSERT INTO HABITACION (EMPRESA, NUM_HABITACION, TIPO, UBICACION, CAPACIDAD, COMPARTIDA, TAMANIO) VALUES (5,4,'SEMISUITE', 'Cuarto piso',2,0,30);
INSERT INTO HABITACION (EMPRESA, NUM_HABITACION, TIPO, UBICACION, CAPACIDAD, COMPARTIDA, TAMANIO) VALUES (5,5,'SUITE', 'Quinto piso',7,0,20);
INSERT INTO HABITACION (EMPRESA, NUM_HABITACION, TIPO, UBICACION, CAPACIDAD, COMPARTIDA, TAMANIO) VALUES (6,101,'ESTANDAR', 'Primer piso con vista a los cerros',2,0,12);
INSERT INTO HABITACION (EMPRESA, NUM_HABITACION, TIPO, UBICACION, CAPACIDAD, COMPARTIDA, TAMANIO) VALUES (6,301,'SUITE', 'Tercer piso con vista a los cerros',2,0,48);
INSERT INTO HABITACION (EMPRESA, NUM_HABITACION, TIPO, UBICACION, CAPACIDAD, COMPARTIDA, TAMANIO) VALUES (7,1,'ESTANDAR', 'Primer piso junto a la recepción',2,0,12);
INSERT INTO HABITACION (EMPRESA, NUM_HABITACION, TIPO, UBICACION, CAPACIDAD, COMPARTIDA, TAMANIO) VALUES (7,2,'ESTANDAR', 'Primer piso a la mitad del pasillo',2,0,12);
INSERT INTO HABITACION (EMPRESA, NUM_HABITACION, TIPO, UBICACION, CAPACIDAD, COMPARTIDA, TAMANIO) VALUES (7,3,'SEMISUITE', 'Primer piso al fondo del pasillo',4,0,32);
INSERT INTO HABITACION (EMPRESA, NUM_HABITACION, TIPO, UBICACION, CAPACIDAD, COMPARTIDA, TAMANIO) VALUES (8,1,'ESTANDAR', 'Primer piso con vista a la calle',3,0,20);
INSERT INTO HABITACION (EMPRESA, NUM_HABITACION, TIPO, UBICACION, CAPACIDAD, COMPARTIDA, TAMANIO) VALUES (8,2,'ESTANDAR', 'Segundo piso con vista a la calle',3,0,20);
INSERT INTO HABITACION (EMPRESA, NUM_HABITACION, TIPO, UBICACION, CAPACIDAD, COMPARTIDA, TAMANIO) VALUES (9,101,'ESTANDAR', 'Primer piso',2,0,12);
INSERT INTO HABITACION (EMPRESA, NUM_HABITACION, TIPO, UBICACION, CAPACIDAD, COMPARTIDA, TAMANIO) VALUES (9,102,'SEMISUITE', 'Primer piso',4,0,32);
INSERT INTO HABITACION (EMPRESA, NUM_HABITACION, TIPO, UBICACION, CAPACIDAD, COMPARTIDA, TAMANIO) VALUES (9,201,'ESTANDAR', 'Segundo piso',2,0,12);
INSERT INTO HABITACION (EMPRESA, NUM_HABITACION, TIPO, UBICACION, CAPACIDAD, COMPARTIDA, TAMANIO) VALUES (10,101,'ESTANDAR', 'Primer piso al fondo del pasillo',2,0,12);
INSERT INTO HABITACION (EMPRESA, NUM_HABITACION, TIPO, UBICACION, CAPACIDAD, COMPARTIDA, TAMANIO) VALUES (10,201,'SEMISUITE', 'Segundo piso junto a las escaleras',4,0,32);
INSERT INTO HABITACION (EMPRESA, NUM_HABITACION, TIPO, UBICACION, CAPACIDAD, COMPARTIDA, TAMANIO) VALUES (10,202,'ESTANDAR', 'Segundo piso al fondo del pasillo',2,0,12);
INSERT INTO HABITACION (EMPRESA, NUM_HABITACION, TIPO, UBICACION, CAPACIDAD, COMPARTIDA, TAMANIO) VALUES (10,301,'SUITE', 'Tercer piso al fondo del pasillo',7,0,22);
INSERT INTO HABITACION (EMPRESA, NUM_HABITACION, TIPO, UBICACION, CAPACIDAD, COMPARTIDA, TAMANIO) VALUES (10,401,'SUITE', 'cuarto piso al fondo del pasillo',7,0,22);
INSERT INTO HABITACION (EMPRESA,NUM_HABITACION,TIPO,UBICACION,CAPACIDAD,COMPARTIDA,TAMANIO) VALUES (11,101,'NA','VISTA AL MAR',2,1,10);
INSERT INTO HABITACION (EMPRESA,NUM_HABITACION,TIPO,UBICACION,CAPACIDAD,COMPARTIDA,TAMANIO) VALUES (11,102,'NA','VISTA A LOS CERROS',3,1,12);
INSERT INTO HABITACION (EMPRESA,NUM_HABITACION,TIPO,UBICACION,CAPACIDAD,COMPARTIDA,TAMANIO) VALUES (11,201,'NA','VISTA AL MAR',2,1,18);
INSERT INTO HABITACION (EMPRESA,NUM_HABITACION,TIPO,UBICACION,CAPACIDAD,COMPARTIDA,TAMANIO) VALUES (11,202,'NA','VISTA A LOS CERROS',2,1,10);
INSERT INTO HABITACION (EMPRESA,NUM_HABITACION,TIPO,UBICACION,CAPACIDAD,COMPARTIDA,TAMANIO) VALUES (11,301,'NA','VISTA AL MAR',2,1,20);
INSERT INTO HABITACION (EMPRESA,NUM_HABITACION,TIPO,UBICACION,CAPACIDAD,COMPARTIDA,TAMANIO) VALUES (12,101,'NA','VISTA AL MAR',2,1,30);
INSERT INTO HABITACION (EMPRESA,NUM_HABITACION,TIPO,UBICACION,CAPACIDAD,COMPARTIDA,TAMANIO) VALUES (12,201,'NA','VISTA AL CERRO',2,1,30);
INSERT INTO HABITACION (EMPRESA,NUM_HABITACION,TIPO,UBICACION,CAPACIDAD,COMPARTIDA,TAMANIO) VALUES (12,301,'NA','VISTA AL MAR',2,1,30);
INSERT INTO HABITACION (EMPRESA,NUM_HABITACION,TIPO,UBICACION,CAPACIDAD,COMPARTIDA,TAMANIO) VALUES (12,401,'NA','VISTA AL CERRO',2,1,30);
INSERT INTO HABITACION (EMPRESA,NUM_HABITACION,TIPO,UBICACION,CAPACIDAD,COMPARTIDA,TAMANIO) VALUES (12,201,'NA','VISTA AL MAR',2,1,30);
INSERT INTO HABITACION (EMPRESA,NUM_HABITACION,TIPO,UBICACION,CAPACIDAD,COMPARTIDA,TAMANIO) VALUES (13,101,'NA','CERCA AL CENTRO',2,1,30);
INSERT INTO HABITACION (EMPRESA,NUM_HABITACION,TIPO,UBICACION,CAPACIDAD,COMPARTIDA,TAMANIO) VALUES (13,201,'NA','CERCA AL CENTRO',2,1,30);
INSERT INTO HABITACION (EMPRESA,NUM_HABITACION,TIPO,UBICACION,CAPACIDAD,COMPARTIDA,TAMANIO) VALUES (13,202,'NA','CERCA AL CENTRO',2,1,30);
INSERT INTO HABITACION (EMPRESA,NUM_HABITACION,TIPO,UBICACION,CAPACIDAD,COMPARTIDA,TAMANIO) VALUES (13,301,'NA','CERCA AL CENTRO',2,1,30);
INSERT INTO HABITACION (EMPRESA,NUM_HABITACION,TIPO,UBICACION,CAPACIDAD,COMPARTIDA,TAMANIO) VALUES (13,302,'NA','CERCA AL CENTRO',2,1,30);
INSERT INTO HABITACION (EMPRESA,NUM_HABITACION,TIPO,UBICACION,CAPACIDAD,COMPARTIDA,TAMANIO) VALUES (14,101,'NA','CERCA AL CHORRO DE QUEVEDO',2,1,20);
INSERT INTO HABITACION (EMPRESA,NUM_HABITACION,TIPO,UBICACION,CAPACIDAD,COMPARTIDA,TAMANIO) VALUES (14,102,'NA','CERCA AL CHORRO DE QUEVEDO',4,1,40);
INSERT INTO HABITACION (EMPRESA,NUM_HABITACION,TIPO,UBICACION,CAPACIDAD,COMPARTIDA,TAMANIO) VALUES (14,201,'NA','CERCA AL CHORRO DE QUEVEDO',2,1,20);
INSERT INTO HABITACION (EMPRESA,NUM_HABITACION,TIPO,UBICACION,CAPACIDAD,COMPARTIDA,TAMANIO) VALUES (14,202,'NA','CERCA AL CHORRO DE QUEVEDO',2,1,20);
INSERT INTO HABITACION (EMPRESA,NUM_HABITACION,TIPO,UBICACION,CAPACIDAD,COMPARTIDA,TAMANIO) VALUES (14,203,'NA','CERCA AL CHORRO DE QUEVEDO',3,1,30);
INSERT INTO HABITACION (EMPRESA,NUM_HABITACION,TIPO,UBICACION,CAPACIDAD,COMPARTIDA,TAMANIO) VALUES (15,101,'NA','CON VISTA A LOS CERROS',4,1,20);
INSERT INTO HABITACION (EMPRESA,NUM_HABITACION,TIPO,UBICACION,CAPACIDAD,COMPARTIDA,TAMANIO) VALUES (15,102,'NA','CON VISTA A LA CALLE',4,1,20);
INSERT INTO HABITACION (EMPRESA,NUM_HABITACION,TIPO,UBICACION,CAPACIDAD,COMPARTIDA,TAMANIO) VALUES (15,201,'NA','CON VISTA A LOS CERROS',3,1,30);
INSERT INTO HABITACION (EMPRESA,NUM_HABITACION,TIPO,UBICACION,CAPACIDAD,COMPARTIDA,TAMANIO) VALUES (15,202,'NA','CON VISTA A LA CALLE',3,1,30);
INSERT INTO HABITACION (EMPRESA,NUM_HABITACION,TIPO,UBICACION,CAPACIDAD,COMPARTIDA,TAMANIO) VALUES (15,203,'NA','CON VISTA A LOS CERROS',6,1,60);
INSERT INTO HABITACION (EMPRESA,NUM_HABITACION,TIPO,UBICACION,CAPACIDAD,COMPARTIDA,TAMANIO) VALUES (16,101,'NA','CON VISTA A LA CALLE',4,1,20);
INSERT INTO HABITACION (EMPRESA,NUM_HABITACION,TIPO,UBICACION,CAPACIDAD,COMPARTIDA,TAMANIO) VALUES (16,102,'NA','CON VISTA A LOS CERROS',4,1,20);
INSERT INTO HABITACION (EMPRESA,NUM_HABITACION,TIPO,UBICACION,CAPACIDAD,COMPARTIDA,TAMANIO) VALUES (16,103,'NA','CON VISTA A LOS CERROS',2,1,60);
INSERT INTO HABITACION (EMPRESA,NUM_HABITACION,TIPO,UBICACION,CAPACIDAD,COMPARTIDA,TAMANIO) VALUES (16,201,'NA','CON VISTA A LA CALLE',2,1,60);
INSERT INTO HABITACION (EMPRESA,NUM_HABITACION,TIPO,UBICACION,CAPACIDAD,COMPARTIDA,TAMANIO) VALUES (16,202,'NA','CON VISTA A LA CALLE',4,1,20);
INSERT INTO HABITACION (EMPRESA,NUM_HABITACION,TIPO,UBICACION,CAPACIDAD,COMPARTIDA,TAMANIO) VALUES (17,101,'NA','CON VISTA A LA CALLE',2,1,60);
INSERT INTO HABITACION (EMPRESA,NUM_HABITACION,TIPO,UBICACION,CAPACIDAD,COMPARTIDA,TAMANIO) VALUES (17,102,'NA','CON VISTA A LOS CERROS',4,1,20);
INSERT INTO HABITACION (EMPRESA,NUM_HABITACION,TIPO,UBICACION,CAPACIDAD,COMPARTIDA,TAMANIO) VALUES (17,201,'NA','CON VISTA A LA CALLE',6,1,70);
INSERT INTO HABITACION (EMPRESA,NUM_HABITACION,TIPO,UBICACION,CAPACIDAD,COMPARTIDA,TAMANIO) VALUES (17,202,'NA','CON VISTA A LOS CERROS',4,1,20);
INSERT INTO HABITACION (EMPRESA,NUM_HABITACION,TIPO,UBICACION,CAPACIDAD,COMPARTIDA,TAMANIO) VALUES (17,301,'NA','CON VISTA A LA CALLE',8,1,90);
INSERT INTO HABITACION (EMPRESA,NUM_HABITACION,TIPO,UBICACION,CAPACIDAD,COMPARTIDA,TAMANIO) VALUES (18,101,'NA','CON VISTA A LOS CERROS',4,1,60);
INSERT INTO HABITACION (EMPRESA,NUM_HABITACION,TIPO,UBICACION,CAPACIDAD,COMPARTIDA,TAMANIO) VALUES (18,102,'NA','CON VISTA A LA CALLE',3,1,22);
INSERT INTO HABITACION (EMPRESA,NUM_HABITACION,TIPO,UBICACION,CAPACIDAD,COMPARTIDA,TAMANIO) VALUES (18,201,'NA','CON VISTA A LOS CERROS',2,1,73);
INSERT INTO HABITACION (EMPRESA,NUM_HABITACION,TIPO,UBICACION,CAPACIDAD,COMPARTIDA,TAMANIO) VALUES (18,202,'NA','CON VISTA A LA CALLE',3,1,22);
INSERT INTO HABITACION (EMPRESA,NUM_HABITACION,TIPO,UBICACION,CAPACIDAD,COMPARTIDA,TAMANIO) VALUES (18,301,'NA','CON VISTA A LOS CERROS',7,1,90);
INSERT INTO HABITACION (EMPRESA,NUM_HABITACION,TIPO,UBICACION,CAPACIDAD,COMPARTIDA,TAMANIO) VALUES (19,101,'NA','CON VISTA A LOS CERROS',4,1,60);
INSERT INTO HABITACION (EMPRESA,NUM_HABITACION,TIPO,UBICACION,CAPACIDAD,COMPARTIDA,TAMANIO) VALUES (19,102,'NA','CON VISTA A LA CALLE',3,1,22);
INSERT INTO HABITACION (EMPRESA,NUM_HABITACION,TIPO,UBICACION,CAPACIDAD,COMPARTIDA,TAMANIO) VALUES (19,201,'NA','CON VISTA A LOS CERROS',2,1,73);
INSERT INTO HABITACION (EMPRESA,NUM_HABITACION,TIPO,UBICACION,CAPACIDAD,COMPARTIDA,TAMANIO) VALUES (19,202,'NA','CON VISTA A LA CALLE',3,1,22);
INSERT INTO HABITACION (EMPRESA,NUM_HABITACION,TIPO,UBICACION,CAPACIDAD,COMPARTIDA,TAMANIO) VALUES (19,301,'NA','CON VISTA A LOS CERROS',7,1,90);
INSERT INTO HABITACION (EMPRESA,NUM_HABITACION,TIPO,UBICACION,CAPACIDAD,COMPARTIDA,TAMANIO) VALUES (20,101,'NA','CON VISTA A LOS CERROS',4,1,60);
INSERT INTO HABITACION (EMPRESA,NUM_HABITACION,TIPO,UBICACION,CAPACIDAD,COMPARTIDA,TAMANIO) VALUES (20,102,'NA','CON VISTA A LA CALLE',3,1,22);
INSERT INTO HABITACION (EMPRESA,NUM_HABITACION,TIPO,UBICACION,CAPACIDAD,COMPARTIDA,TAMANIO) VALUES (20,201,'NA','CON VISTA A LOS CERROS',2,1,73);
INSERT INTO HABITACION (EMPRESA,NUM_HABITACION,TIPO,UBICACION,CAPACIDAD,COMPARTIDA,TAMANIO) VALUES (20,202,'NA','CON VISTA A LA CALLE',3,1,22);
INSERT INTO HABITACION (EMPRESA,NUM_HABITACION,TIPO,UBICACION,CAPACIDAD,COMPARTIDA,TAMANIO) VALUES (20,301,'NA','CON VISTA A LOS CERROS',7,1,90);
INSERT INTO HABITACION (EMPRESA,NUM_HABITACION,TIPO,UBICACION,CAPACIDAD,COMPARTIDA,TAMANIO) VALUES (21,101,'NA','CON VISTA A LOS CERROS',4,1,60);
INSERT INTO HABITACION (EMPRESA,NUM_HABITACION,TIPO,UBICACION,CAPACIDAD,COMPARTIDA,TAMANIO) VALUES (21,102,'NA','CON VISTA A LA CALLE',3,1,22);
INSERT INTO HABITACION (EMPRESA,NUM_HABITACION,TIPO,UBICACION,CAPACIDAD,COMPARTIDA,TAMANIO) VALUES (21,201,'NA','CON VISTA A LOS CERROS',2,1,73);
INSERT INTO HABITACION (EMPRESA,NUM_HABITACION,TIPO,UBICACION,CAPACIDAD,COMPARTIDA,TAMANIO) VALUES (21,202,'NA','CON VISTA A LA CALLE',3,1,22);
INSERT INTO HABITACION (EMPRESA,NUM_HABITACION,TIPO,UBICACION,CAPACIDAD,COMPARTIDA,TAMANIO) VALUES (21,301,'NA','CON VISTA A LOS CERROS',7,1,90);
INSERT INTO HABITACION (EMPRESA,NUM_HABITACION,TIPO,UBICACION,CAPACIDAD,COMPARTIDA,TAMANIO) VALUES (22,101,'NA','CON VISTA A LOS CERROS',4,1,60);
INSERT INTO HABITACION (EMPRESA,NUM_HABITACION,TIPO,UBICACION,CAPACIDAD,COMPARTIDA,TAMANIO) VALUES (22,102,'NA','CON VISTA A LA CALLE',3,1,22);
INSERT INTO HABITACION (EMPRESA,NUM_HABITACION,TIPO,UBICACION,CAPACIDAD,COMPARTIDA,TAMANIO) VALUES (22,201,'NA','CON VISTA A LOS CERROS',2,1,73);
INSERT INTO HABITACION (EMPRESA,NUM_HABITACION,TIPO,UBICACION,CAPACIDAD,COMPARTIDA,TAMANIO) VALUES (22,202,'NA','CON VISTA A LA CALLE',3,1,22);
INSERT INTO HABITACION (EMPRESA,NUM_HABITACION,TIPO,UBICACION,CAPACIDAD,COMPARTIDA,TAMANIO) VALUES (22,301,'NA','CON VISTA A LOS CERROS',7,1,90);
INSERT INTO HABITACION (EMPRESA,NUM_HABITACION,TIPO,UBICACION,CAPACIDAD,COMPARTIDA,TAMANIO) VALUES (23,101,'NA','CON VISTA A LOS CERROS',4,1,60);
INSERT INTO HABITACION (EMPRESA,NUM_HABITACION,TIPO,UBICACION,CAPACIDAD,COMPARTIDA,TAMANIO) VALUES (23,102,'NA','CON VISTA A LA CALLE',3,1,22);
INSERT INTO HABITACION (EMPRESA,NUM_HABITACION,TIPO,UBICACION,CAPACIDAD,COMPARTIDA,TAMANIO) VALUES (23,201,'NA','CON VISTA A LOS CERROS',2,1,73);
INSERT INTO HABITACION (EMPRESA,NUM_HABITACION,TIPO,UBICACION,CAPACIDAD,COMPARTIDA,TAMANIO) VALUES (23,202,'NA','CON VISTA A LA CALLE',3,1,22);
INSERT INTO HABITACION (EMPRESA,NUM_HABITACION,TIPO,UBICACION,CAPACIDAD,COMPARTIDA,TAMANIO) VALUES (23,301,'NA','CON VISTA A LOS CERROS',7,1,90);
INSERT INTO HABITACION (EMPRESA,NUM_HABITACION,TIPO,UBICACION,CAPACIDAD,COMPARTIDA,TAMANIO) VALUES (23,302,'NA','CON VISTA A LOS CERROS',4,1,60);
INSERT INTO HABITACION (EMPRESA,NUM_HABITACION,TIPO,UBICACION,CAPACIDAD,COMPARTIDA,TAMANIO) VALUES (23,401,'NA','CON VISTA A LA CALLE',4,1,22);
INSERT INTO HABITACION (EMPRESA,NUM_HABITACION,TIPO,UBICACION,CAPACIDAD,COMPARTIDA,TAMANIO) VALUES (23,401,'NA','CON VISTA A LOS CERROS',2,1,63);

--select * from habitacion order by id;


------------------------------------------------------POBLAR TABLA VIVIENDA_UNIVERSITARIA------------------------------------------------------------------------------

INSERT INTO VIVIENDA_UNIVERSITARIA (ID_EMPRESA) VALUES (23);


----------------------------------------------------------------POBLAR TABLA HOTEL-----------------------------------------------------------------------------------------

INSERT ALL
    INTO HOTEL (ID_EMPRESA, ID_SUPERINTENDENCIA, ID_CAMARA) VALUES (1, 'G12HT24', 'EQ42H42')
    INTO HOTEL (ID_EMPRESA, ID_SUPERINTENDENCIA, ID_CAMARA) VALUES (2,'GHJQIFG83' ,'2HTRW32' )
    INTO HOTEL (ID_EMPRESA, ID_SUPERINTENDENCIA, ID_CAMARA) VALUES (3, 'HTRW23N','HBRTW822' )
    INTO HOTEL (ID_EMPRESA, ID_SUPERINTENDENCIA, ID_CAMARA) VALUES (4,'HTWH3RW' ,'JY76SGH' )
    INTO HOTEL (ID_EMPRESA, ID_SUPERINTENDENCIA, ID_CAMARA) VALUES (5,'22H746SVG' ,'H2S3NH' )
    INTO HOTEL (ID_EMPRESA, ID_SUPERINTENDENCIA, ID_CAMARA) VALUES (6,'ZHTET63HG' , 'HTRW2N6')
    INTO HOTEL (ID_EMPRESA, ID_SUPERINTENDENCIA, ID_CAMARA) VALUES (7,'HTRW3' ,'H8M1XRWEQ' )
    INTO HOTEL (ID_EMPRESA, ID_SUPERINTENDENCIA, ID_CAMARA) VALUES (8,'47IJHAM' , 'A3Q7U2J')
    INTO HOTEL (ID_EMPRESA, ID_SUPERINTENDENCIA, ID_CAMARA) VALUES (9,'R8JN33' , 'TW3SPPH4')
    INTO HOTEL (ID_EMPRESA, ID_SUPERINTENDENCIA, ID_CAMARA) VALUES (10,'QPOSZJH223' , '62JW2SK')
SELECT * FROM DUAL;

--SELECT * FROM HOTEL;

---------------------------------------------------------------------------------POBLAR TABLA HOSTAL-------------------------------------------------------------------------

INSERT ALL
    INTO HOSTAL (ID_EMPRESA,HORARIO_ATENCION,ID_SUPERINTENDENCIA,ID_CAMARA) VALUES (11,'8:00-22:00','39FKIO3','TGW34R2Q4')
    INTO HOSTAL (ID_EMPRESA,HORARIO_ATENCION,ID_SUPERINTENDENCIA,ID_CAMARA) VALUES (12,'6:00-22:00','DOWJOW3','E2RGQAERG')
    INTO HOSTAL (ID_EMPRESA,HORARIO_ATENCION,ID_SUPERINTENDENCIA,ID_CAMARA) VALUES (13,'6:00-22:30','6TIO9RG','HR2Q4HETH')
    INTO HOSTAL (ID_EMPRESA,HORARIO_ATENCION,ID_SUPERINTENDENCIA,ID_CAMARA) VALUES (14,'8:00-23:29','OJF34EF','IDEHTAE32')
    INTO HOSTAL (ID_EMPRESA,HORARIO_ATENCION,ID_SUPERINTENDENCIA,ID_CAMARA) VALUES (15,'9:00-23:00','0PKI4FK','4YE2YQGRG')
    INTO HOSTAL (ID_EMPRESA,HORARIO_ATENCION,ID_SUPERINTENDENCIA,ID_CAMARA) VALUES (16,'9:00-22:00','CM4EE2B','QRRR32GR1')
    INTO HOSTAL (ID_EMPRESA,HORARIO_ATENCION,ID_SUPERINTENDENCIA,ID_CAMARA) VALUES (17,'8:00-22:00','2392JF3','29FJ39FJ3')
    INTO HOSTAL (ID_EMPRESA,HORARIO_ATENCION,ID_SUPERINTENDENCIA,ID_CAMARA) VALUES (18,'7:00-23:30','0KF3K32','93044DDDD')
    INTO HOSTAL (ID_EMPRESA,HORARIO_ATENCION,ID_SUPERINTENDENCIA,ID_CAMARA) VALUES (19,'7:00-22:00','04V0B94','0D3D3333F')
    INTO HOSTAL (ID_EMPRESA,HORARIO_ATENCION,ID_SUPERINTENDENCIA,ID_CAMARA) VALUES (20,'7:00-21:29','VJMO0C3','O9FIWEFJI')
    INTO HOSTAL (ID_EMPRESA,HORARIO_ATENCION,ID_SUPERINTENDENCIA,ID_CAMARA) VALUES (21,'8:00-22:00','VE03CQA','F0F0FJ403')
    INTO HOSTAL (ID_EMPRESA,HORARIO_ATENCION,ID_SUPERINTENDENCIA,ID_CAMARA) VALUES (22,'8:00-21:30','MBO943D','0F3K3033Q')
SELECT * FROM DUAL;

--SELECT * FROM HOSTAL;

------------------------------------------------------------POBLAR TABLA INMUEBLE_PERSONA-------------------------------------------------------------------------------------------

INSERT ALL
    INTO INMUEBLE_PERSONA (TIPO_PROPIETARIO, NUM_HABITACIONES, AMOBLADO, TIPO_INMUEBLE, ID_ALOJAMIENTO) VALUES ('PROFESOR',3,1,'VIVIENDA_ESPORADICA',24)
    INTO INMUEBLE_PERSONA (TIPO_PROPIETARIO, NUM_HABITACIONES, AMOBLADO, TIPO_INMUEBLE, ID_ALOJAMIENTO) VALUES ('EMPLEADO',1,1,'HABITACION',25)
    INTO INMUEBLE_PERSONA (TIPO_PROPIETARIO, NUM_HABITACIONES, AMOBLADO, TIPO_INMUEBLE, ID_ALOJAMIENTO) VALUES ('PADRE_EST',2,0,'APARTAMENTO',26)
    INTO INMUEBLE_PERSONA (TIPO_PROPIETARIO, NUM_HABITACIONES, AMOBLADO, TIPO_INMUEBLE, ID_ALOJAMIENTO) VALUES ('VECINO',2,1,'APARTAMENTO',27)
SELECT * FROM DUAL;

--select * from INMUEBLE_PERSONA;

-------------------------------------------------------------- POBLAR TABLA MENAJE ---------------------------------------------------------------------------------------
INSERT ALL
    INTO MENAJE (NOMBRE) VALUES ('Sofá')
    INTO MENAJE (NOMBRE) VALUES ('Mesa')
    INTO MENAJE (NOMBRE) VALUES ('Closet')
    INTO MENAJE (NOMBRE) VALUES ('Cama')
    INTO MENAJE (NOMBRE) VALUES ('Silla')
    INTO MENAJE (NOMBRE) VALUES ('Olla')
    INTO MENAJE (NOMBRE) VALUES ('Paila')
    INTO MENAJE (NOMBRE) VALUES ('Vaso')
    INTO MENAJE (NOMBRE) VALUES ('Plato')
    INTO MENAJE (NOMBRE) VALUES ('Cubierto')
    INTO MENAJE (NOMBRE) VALUES ('Televisión')
    INTO MENAJE (NOMBRE) VALUES ('Escritorio')
    INTO MENAJE (NOMBRE) VALUES ('Ventilador')
SELECT * FROM DUAL;



--------------------------------------------------------------------------POBLAR TABLA MENAJE_INMUEBLE  ----------------------------------------------------------------------
INSERT ALL
    INTO MENAJE_INMUEBLE (ID_INMUEBLE, NOMBRE_MENAJE, CANTIDAD) VALUES (24,'Sofá',3)
    INTO MENAJE_INMUEBLE (ID_INMUEBLE, NOMBRE_MENAJE, CANTIDAD) VALUES (24,'Mesa',2)
    INTO MENAJE_INMUEBLE (ID_INMUEBLE, NOMBRE_MENAJE, CANTIDAD) VALUES (24,'Televisión',1)
    INTO MENAJE_INMUEBLE (ID_INMUEBLE, NOMBRE_MENAJE, CANTIDAD) VALUES (24,'Cubierto',3)
    INTO MENAJE_INMUEBLE (ID_INMUEBLE, NOMBRE_MENAJE, CANTIDAD) VALUES (24,'Paila',2)
    INTO MENAJE_INMUEBLE (ID_INMUEBLE, NOMBRE_MENAJE, CANTIDAD) VALUES (24,'Silla',2)
    INTO MENAJE_INMUEBLE (ID_INMUEBLE, NOMBRE_MENAJE, CANTIDAD) VALUES (25,'Escritorio',1)
    INTO MENAJE_INMUEBLE (ID_INMUEBLE, NOMBRE_MENAJE, CANTIDAD) VALUES (25,'Cama',3)
    INTO MENAJE_INMUEBLE (ID_INMUEBLE, NOMBRE_MENAJE, CANTIDAD) VALUES (25,'Closet',2)
    INTO MENAJE_INMUEBLE (ID_INMUEBLE, NOMBRE_MENAJE, CANTIDAD) VALUES (25,'Ventilador',1)
    INTO MENAJE_INMUEBLE (ID_INMUEBLE, NOMBRE_MENAJE, CANTIDAD) VALUES (25,'Sofá',2)
    INTO MENAJE_INMUEBLE (ID_INMUEBLE, NOMBRE_MENAJE, CANTIDAD) VALUES (27,'Escritorio',2)
    INTO MENAJE_INMUEBLE (ID_INMUEBLE, NOMBRE_MENAJE, CANTIDAD) VALUES (27,'Cama',4)
    INTO MENAJE_INMUEBLE (ID_INMUEBLE, NOMBRE_MENAJE, CANTIDAD) VALUES (27,'Closet',3)
    INTO MENAJE_INMUEBLE (ID_INMUEBLE, NOMBRE_MENAJE, CANTIDAD) VALUES (27,'Televisión',2) 
SELECT * FROM DUAL;

--SELECT * FROM MENAJE_INMUEBLE;

--------------------------------------------------------------------------POBLAR TABLA MENAJE_VIVIENDAU  ----------------------------------------------------------------------

INSERT ALL
    INTO MENAJE_VIVIENDAU (ID_VIVIENDAU, NOMBRE_MENAJE, CANTIDAD) VALUES (23,'Sofá',20)
    INTO MENAJE_VIVIENDAU (ID_VIVIENDAU, NOMBRE_MENAJE, CANTIDAD) VALUES (23,'Mesa',20)
    INTO MENAJE_VIVIENDAU (ID_VIVIENDAU, NOMBRE_MENAJE, CANTIDAD) VALUES (23,'Closet',43)
    INTO MENAJE_VIVIENDAU (ID_VIVIENDAU, NOMBRE_MENAJE, CANTIDAD) VALUES (23,'Cama',20)
    INTO MENAJE_VIVIENDAU (ID_VIVIENDAU, NOMBRE_MENAJE, CANTIDAD) VALUES (23,'Silla',20)
    INTO MENAJE_VIVIENDAU (ID_VIVIENDAU, NOMBRE_MENAJE, CANTIDAD) VALUES (23,'Olla',20)
    INTO MENAJE_VIVIENDAU (ID_VIVIENDAU, NOMBRE_MENAJE, CANTIDAD) VALUES (23,'Paila',20)
    INTO MENAJE_VIVIENDAU (ID_VIVIENDAU, NOMBRE_MENAJE, CANTIDAD) VALUES (23,'Vaso',20)
    INTO MENAJE_VIVIENDAU (ID_VIVIENDAU, NOMBRE_MENAJE, CANTIDAD) VALUES (23,'Plato',20)
    INTO MENAJE_VIVIENDAU (ID_VIVIENDAU, NOMBRE_MENAJE, CANTIDAD) VALUES (23,'Cubierto',30)
    INTO MENAJE_VIVIENDAU (ID_VIVIENDAU, NOMBRE_MENAJE, CANTIDAD) VALUES (23,'Televisión',20)
    INTO MENAJE_VIVIENDAU (ID_VIVIENDAU, NOMBRE_MENAJE, CANTIDAD) VALUES (23,'Escritorio',20)
    INTO MENAJE_VIVIENDAU (ID_VIVIENDAU, NOMBRE_MENAJE, CANTIDAD) VALUES (23,'Ventilador',20)
SELECT * FROM DUAL;

--SELECT * FROM MENAJE_VIVIENDAU;

--------------------------------------------------------------------------POBLAR TABLA SERVICIO  ----------------------------------------------------------------------

INSERT ALL
    INTO SERVICIO (NOMBRE, DESCRIPCION) VALUES ('Bañera','Servicio de bañera en el inmueble')
    INTO SERVICIO (NOMBRE, DESCRIPCION) VALUES ('Yacuzzi','Servicio de yacuzzi en el inmueble')
    INTO SERVICIO (NOMBRE, DESCRIPCION) VALUES ('Cocineta','Servicio de coocineta en el inmueble')
    INTO SERVICIO (NOMBRE, DESCRIPCION) VALUES ('Internet','Servicio de internet en el inmueble')
    INTO SERVICIO (NOMBRE, DESCRIPCION) VALUES ('TV Cable','Servicio de TV cable en el inmueble')
    INTO SERVICIO (NOMBRE, DESCRIPCION) VALUES ('Servicios públicos','Servicios públicos de el inmueble incluidos')
    INTO SERVICIO (NOMBRE, DESCRIPCION) VALUES ('Portería 24 horas','Servicio de portería 24 horas en el inmueble')
    INTO SERVICIO (NOMBRE, DESCRIPCION) VALUES ('Servicio de aseo','Servicio de aseo al inmueble')
    INTO SERVICIO (NOMBRE, DESCRIPCION) VALUES ('Servicio de apoyo social','Servicio de apoyo social al cliente incluidos')
    INTO SERVICIO (NOMBRE, DESCRIPCION) VALUES ('Servicio de apoyo académico','Servicio apoyo académicos al cliente incluidos')
    INTO SERVICIO (NOMBRE, DESCRIPCION) VALUES ('Restaurante','Servicio de restaurante disponible')
    INTO SERVICIO (NOMBRE, DESCRIPCION) VALUES ('Piscina','Servicio de piscina incluido')
    INTO SERVICIO (NOMBRE, DESCRIPCION) VALUES ('Parqueadero','Servicio de parqueadero incluido')
    INTO SERVICIO (NOMBRE, DESCRIPCION) VALUES ('Comidas','Servicio de comidas incluido')
    INTO SERVICIO (NOMBRE, DESCRIPCION) VALUES ('Baño privado','Servicio de baño privado en el inmueble')
SELECT * FROM DUAL;


--SELECT * FROM SERVICIO;


--------------------------------------------------------------------------POBLAR TABLA ALOJAMIENTO_SERVICIO  ----------------------------------------------------------------------
INSERT ALL
    INTO ALOJAMIENTO_SERVICIO(NOMBRE_SERVICIO,ID_ALOJAMIENTO,COSTO) VALUES ('Restaurante',1,70000)
    INTO ALOJAMIENTO_SERVICIO(NOMBRE_SERVICIO,ID_ALOJAMIENTO,COSTO) VALUES ('Parqueadero',1,60000)
    INTO ALOJAMIENTO_SERVICIO(NOMBRE_SERVICIO,ID_ALOJAMIENTO,COSTO) VALUES ('Internet',1,12000)
    INTO ALOJAMIENTO_SERVICIO(NOMBRE_SERVICIO,ID_ALOJAMIENTO,COSTO) VALUES ('Portería 24 horas',1,3000)
    INTO ALOJAMIENTO_SERVICIO(NOMBRE_SERVICIO,ID_ALOJAMIENTO,COSTO) VALUES ('Piscina',1,0)
    INTO ALOJAMIENTO_SERVICIO(NOMBRE_SERVICIO,ID_ALOJAMIENTO,COSTO) VALUES ('Restaurante',2,70000)
    INTO ALOJAMIENTO_SERVICIO(NOMBRE_SERVICIO,ID_ALOJAMIENTO,COSTO) VALUES ('Parqueadero',2,60000)
    INTO ALOJAMIENTO_SERVICIO(NOMBRE_SERVICIO,ID_ALOJAMIENTO,COSTO) VALUES ('Internet',2,12000)
    INTO ALOJAMIENTO_SERVICIO(NOMBRE_SERVICIO,ID_ALOJAMIENTO,COSTO) VALUES ('Portería 24 horas',2,3000)
    INTO ALOJAMIENTO_SERVICIO(NOMBRE_SERVICIO,ID_ALOJAMIENTO,COSTO) VALUES ('Piscina',2,0)
    INTO ALOJAMIENTO_SERVICIO(NOMBRE_SERVICIO,ID_ALOJAMIENTO,COSTO) VALUES ('Restaurante',3,70000)
    INTO ALOJAMIENTO_SERVICIO(NOMBRE_SERVICIO,ID_ALOJAMIENTO,COSTO) VALUES ('Parqueadero',3,60000)
    INTO ALOJAMIENTO_SERVICIO(NOMBRE_SERVICIO,ID_ALOJAMIENTO,COSTO) VALUES ('Portería 24 horas',3,3000)
    INTO ALOJAMIENTO_SERVICIO(NOMBRE_SERVICIO,ID_ALOJAMIENTO,COSTO) VALUES ('Restaurante',4,70000)
    INTO ALOJAMIENTO_SERVICIO(NOMBRE_SERVICIO,ID_ALOJAMIENTO,COSTO) VALUES ('Internet',4,12000)
    INTO ALOJAMIENTO_SERVICIO(NOMBRE_SERVICIO,ID_ALOJAMIENTO,COSTO) VALUES ('Portería 24 horas',4,3000)
    INTO ALOJAMIENTO_SERVICIO(NOMBRE_SERVICIO,ID_ALOJAMIENTO,COSTO) VALUES ('Parqueadero',5,60000)
    INTO ALOJAMIENTO_SERVICIO(NOMBRE_SERVICIO,ID_ALOJAMIENTO,COSTO) VALUES ('Portería 24 horas',5,3000)
    INTO ALOJAMIENTO_SERVICIO(NOMBRE_SERVICIO,ID_ALOJAMIENTO,COSTO) VALUES ('Piscina',5,0)
    INTO ALOJAMIENTO_SERVICIO(NOMBRE_SERVICIO,ID_ALOJAMIENTO,COSTO) VALUES ('Restaurante',6,70000)
    INTO ALOJAMIENTO_SERVICIO(NOMBRE_SERVICIO,ID_ALOJAMIENTO,COSTO) VALUES ('Parqueadero',6,60000)
    INTO ALOJAMIENTO_SERVICIO(NOMBRE_SERVICIO,ID_ALOJAMIENTO,COSTO) VALUES ('Internet',6,12000)
    INTO ALOJAMIENTO_SERVICIO(NOMBRE_SERVICIO,ID_ALOJAMIENTO,COSTO) VALUES ('Portería 24 horas',6,3000)
    INTO ALOJAMIENTO_SERVICIO(NOMBRE_SERVICIO,ID_ALOJAMIENTO,COSTO) VALUES ('Piscina',6,0)
    INTO ALOJAMIENTO_SERVICIO(NOMBRE_SERVICIO,ID_ALOJAMIENTO,COSTO) VALUES ('Restaurante',7,70000)
    INTO ALOJAMIENTO_SERVICIO(NOMBRE_SERVICIO,ID_ALOJAMIENTO,COSTO) VALUES ('Parqueadero',7,60000)
    INTO ALOJAMIENTO_SERVICIO(NOMBRE_SERVICIO,ID_ALOJAMIENTO,COSTO) VALUES ('Portería 24 horas',7,3000)
    INTO ALOJAMIENTO_SERVICIO(NOMBRE_SERVICIO,ID_ALOJAMIENTO,COSTO) VALUES ('Piscina',7,0)
    INTO ALOJAMIENTO_SERVICIO(NOMBRE_SERVICIO,ID_ALOJAMIENTO,COSTO) VALUES ('Internet',7,12000)
    INTO ALOJAMIENTO_SERVICIO(NOMBRE_SERVICIO,ID_ALOJAMIENTO,COSTO) VALUES ('Parqueadero',8,60000)
    INTO ALOJAMIENTO_SERVICIO(NOMBRE_SERVICIO,ID_ALOJAMIENTO,COSTO) VALUES ('Portería 24 horas',8,3000)
    INTO ALOJAMIENTO_SERVICIO(NOMBRE_SERVICIO,ID_ALOJAMIENTO,COSTO) VALUES ('Portería 24 horas',9,3000)
    INTO ALOJAMIENTO_SERVICIO(NOMBRE_SERVICIO,ID_ALOJAMIENTO,COSTO) VALUES ('Piscina',9,0)
    INTO ALOJAMIENTO_SERVICIO(NOMBRE_SERVICIO,ID_ALOJAMIENTO,COSTO) VALUES ('Internet',9,12000)
    INTO ALOJAMIENTO_SERVICIO(NOMBRE_SERVICIO,ID_ALOJAMIENTO,COSTO) VALUES ('Portería 24 horas',10,3000)
    INTO ALOJAMIENTO_SERVICIO(NOMBRE_SERVICIO,ID_ALOJAMIENTO,COSTO) VALUES ('Restaurante',10,70000)
    INTO ALOJAMIENTO_SERVICIO(NOMBRE_SERVICIO,ID_ALOJAMIENTO,COSTO) VALUES ('Internet',10,12000)
    
    INTO ALOJAMIENTO_SERVICIO(NOMBRE_SERVICIO,ID_ALOJAMIENTO,COSTO) VALUES ('Restaurante',11,70000)
    INTO ALOJAMIENTO_SERVICIO(NOMBRE_SERVICIO,ID_ALOJAMIENTO,COSTO) VALUES ('Piscina',11,70000)
    INTO ALOJAMIENTO_SERVICIO(NOMBRE_SERVICIO,ID_ALOJAMIENTO,COSTO) VALUES ('Restaurante',12,70000)
    INTO ALOJAMIENTO_SERVICIO(NOMBRE_SERVICIO,ID_ALOJAMIENTO,COSTO) VALUES ('Parqueadero',12,60000)
    INTO ALOJAMIENTO_SERVICIO(NOMBRE_SERVICIO,ID_ALOJAMIENTO,COSTO) VALUES ('Piscina',13,0)
    INTO ALOJAMIENTO_SERVICIO(NOMBRE_SERVICIO,ID_ALOJAMIENTO,COSTO) VALUES ('Internet',13,12000)
    INTO ALOJAMIENTO_SERVICIO(NOMBRE_SERVICIO,ID_ALOJAMIENTO,COSTO) VALUES ('Restaurante',13,70000)
    INTO ALOJAMIENTO_SERVICIO(NOMBRE_SERVICIO,ID_ALOJAMIENTO,COSTO) VALUES ('Restaurante',14,70000)
    INTO ALOJAMIENTO_SERVICIO(NOMBRE_SERVICIO,ID_ALOJAMIENTO,COSTO) VALUES ('Piscina',14,70000)
    INTO ALOJAMIENTO_SERVICIO(NOMBRE_SERVICIO,ID_ALOJAMIENTO,COSTO) VALUES ('Internet',14,12000)
    INTO ALOJAMIENTO_SERVICIO(NOMBRE_SERVICIO,ID_ALOJAMIENTO,COSTO) VALUES ('Restaurante',15,70000)
    INTO ALOJAMIENTO_SERVICIO(NOMBRE_SERVICIO,ID_ALOJAMIENTO,COSTO) VALUES ('Piscina',15,70000)
    INTO ALOJAMIENTO_SERVICIO(NOMBRE_SERVICIO,ID_ALOJAMIENTO,COSTO) VALUES ('Internet',15,12000)
    INTO ALOJAMIENTO_SERVICIO(NOMBRE_SERVICIO,ID_ALOJAMIENTO,COSTO) VALUES ('Restaurante',16,70000)
    INTO ALOJAMIENTO_SERVICIO(NOMBRE_SERVICIO,ID_ALOJAMIENTO,COSTO) VALUES ('Parqueadero',16,60000)
    INTO ALOJAMIENTO_SERVICIO(NOMBRE_SERVICIO,ID_ALOJAMIENTO,COSTO) VALUES ('Piscina',17,0)
    INTO ALOJAMIENTO_SERVICIO(NOMBRE_SERVICIO,ID_ALOJAMIENTO,COSTO) VALUES ('Internet',17,12000)
    INTO ALOJAMIENTO_SERVICIO(NOMBRE_SERVICIO,ID_ALOJAMIENTO,COSTO) VALUES ('Parqueadero',17,60000)
    INTO ALOJAMIENTO_SERVICIO(NOMBRE_SERVICIO,ID_ALOJAMIENTO,COSTO) VALUES ('Restaurante',18,70000)
    INTO ALOJAMIENTO_SERVICIO(NOMBRE_SERVICIO,ID_ALOJAMIENTO,COSTO) VALUES ('Parqueadero',18,60000)
    INTO ALOJAMIENTO_SERVICIO(NOMBRE_SERVICIO,ID_ALOJAMIENTO,COSTO) VALUES ('Restaurante',19,70000)
    INTO ALOJAMIENTO_SERVICIO(NOMBRE_SERVICIO,ID_ALOJAMIENTO,COSTO) VALUES ('Internet',19,12000)
    INTO ALOJAMIENTO_SERVICIO(NOMBRE_SERVICIO,ID_ALOJAMIENTO,COSTO) VALUES ('Piscina',20,0)
    INTO ALOJAMIENTO_SERVICIO(NOMBRE_SERVICIO,ID_ALOJAMIENTO,COSTO) VALUES ('Internet',20,12000)
    INTO ALOJAMIENTO_SERVICIO(NOMBRE_SERVICIO,ID_ALOJAMIENTO,COSTO) VALUES ('Restaurante',20,70000)
    INTO ALOJAMIENTO_SERVICIO(NOMBRE_SERVICIO,ID_ALOJAMIENTO,COSTO) VALUES ('Piscina',21,0)
    INTO ALOJAMIENTO_SERVICIO(NOMBRE_SERVICIO,ID_ALOJAMIENTO,COSTO) VALUES ('Internet',21,12000)
    INTO ALOJAMIENTO_SERVICIO(NOMBRE_SERVICIO,ID_ALOJAMIENTO,COSTO) VALUES ('Restaurante',21,70000)
    INTO ALOJAMIENTO_SERVICIO(NOMBRE_SERVICIO,ID_ALOJAMIENTO,COSTO) VALUES ('Piscina',22,0)
    INTO ALOJAMIENTO_SERVICIO(NOMBRE_SERVICIO,ID_ALOJAMIENTO,COSTO) VALUES ('Internet',22,12000)
    INTO ALOJAMIENTO_SERVICIO(NOMBRE_SERVICIO,ID_ALOJAMIENTO,COSTO) VALUES ('Parqueadero',22,60000)
    
    INTO ALOJAMIENTO_SERVICIO(NOMBRE_SERVICIO,ID_ALOJAMIENTO,COSTO) VALUES ('Restaurante',23,70000)
    INTO ALOJAMIENTO_SERVICIO(NOMBRE_SERVICIO,ID_ALOJAMIENTO,COSTO) VALUES ('Servicio de apoyo académico',23,70000)
    INTO ALOJAMIENTO_SERVICIO(NOMBRE_SERVICIO,ID_ALOJAMIENTO,COSTO) VALUES ('Servicio de apoyo social',23,70000)
    INTO ALOJAMIENTO_SERVICIO(NOMBRE_SERVICIO,ID_ALOJAMIENTO,COSTO) VALUES ('Parqueadero',23,60000)
    INTO ALOJAMIENTO_SERVICIO(NOMBRE_SERVICIO,ID_ALOJAMIENTO,COSTO) VALUES ('Internet',23,0)
    
    INTO ALOJAMIENTO_SERVICIO(NOMBRE_SERVICIO,ID_ALOJAMIENTO,COSTO) VALUES ('Cocineta',24,70000)
    INTO ALOJAMIENTO_SERVICIO(NOMBRE_SERVICIO,ID_ALOJAMIENTO,COSTO) VALUES ('Internet',24,12000)
    INTO ALOJAMIENTO_SERVICIO(NOMBRE_SERVICIO,ID_ALOJAMIENTO,COSTO) VALUES ('TV Cable',24,3000)
    INTO ALOJAMIENTO_SERVICIO(NOMBRE_SERVICIO,ID_ALOJAMIENTO,COSTO) VALUES ('Parqueadero',24,60000)
    INTO ALOJAMIENTO_SERVICIO(NOMBRE_SERVICIO,ID_ALOJAMIENTO,COSTO) VALUES ('Servicios públicos',24,120000)
    INTO ALOJAMIENTO_SERVICIO(NOMBRE_SERVICIO,ID_ALOJAMIENTO,COSTO) VALUES ('Servicio de aseo',24,3000)
    INTO ALOJAMIENTO_SERVICIO(NOMBRE_SERVICIO,ID_ALOJAMIENTO,COSTO) VALUES ('Cocineta',25,70000)
    INTO ALOJAMIENTO_SERVICIO(NOMBRE_SERVICIO,ID_ALOJAMIENTO,COSTO) VALUES ('Internet',25,12000)
    INTO ALOJAMIENTO_SERVICIO(NOMBRE_SERVICIO,ID_ALOJAMIENTO,COSTO) VALUES ('TV Cable',25,3000)
    INTO ALOJAMIENTO_SERVICIO(NOMBRE_SERVICIO,ID_ALOJAMIENTO,COSTO) VALUES ('Comidas',25,60000)
    INTO ALOJAMIENTO_SERVICIO(NOMBRE_SERVICIO,ID_ALOJAMIENTO,COSTO) VALUES ('Servicios públicos',25,120000)
    INTO ALOJAMIENTO_SERVICIO(NOMBRE_SERVICIO,ID_ALOJAMIENTO,COSTO) VALUES ('Servicio de aseo',25,3000)
    INTO ALOJAMIENTO_SERVICIO(NOMBRE_SERVICIO,ID_ALOJAMIENTO,COSTO) VALUES ('Baño privado',25,60000)
    INTO ALOJAMIENTO_SERVICIO(NOMBRE_SERVICIO,ID_ALOJAMIENTO,COSTO) VALUES ('Cocineta',26,70000)
    INTO ALOJAMIENTO_SERVICIO(NOMBRE_SERVICIO,ID_ALOJAMIENTO,COSTO) VALUES ('Internet',26,12000)
    INTO ALOJAMIENTO_SERVICIO(NOMBRE_SERVICIO,ID_ALOJAMIENTO,COSTO) VALUES ('TV Cable',26,3000)
    INTO ALOJAMIENTO_SERVICIO(NOMBRE_SERVICIO,ID_ALOJAMIENTO,COSTO) VALUES ('Bañera',26,60000)
    INTO ALOJAMIENTO_SERVICIO(NOMBRE_SERVICIO,ID_ALOJAMIENTO,COSTO) VALUES ('Servicios públicos',26,120000)
    INTO ALOJAMIENTO_SERVICIO(NOMBRE_SERVICIO,ID_ALOJAMIENTO,COSTO) VALUES ('Servicio de aseo',26,3000)
    INTO ALOJAMIENTO_SERVICIO(NOMBRE_SERVICIO,ID_ALOJAMIENTO,COSTO) VALUES ('Internet',27,12000)
    INTO ALOJAMIENTO_SERVICIO(NOMBRE_SERVICIO,ID_ALOJAMIENTO,COSTO) VALUES ('TV Cable',27,3000)
    INTO ALOJAMIENTO_SERVICIO(NOMBRE_SERVICIO,ID_ALOJAMIENTO,COSTO) VALUES ('Bañera',27,60000)
    INTO ALOJAMIENTO_SERVICIO(NOMBRE_SERVICIO,ID_ALOJAMIENTO,COSTO) VALUES ('Servicios públicos',27,120000)
SELECT * FROM DUAL;


--------------------------------------------------------------------------POBLAR TABLA HABITACION_SERVICIO  ----------------------------------------------------------------------
INSERT ALL
    INTO HABITACION_SERVICIO (NOMBRE_SERVICIO, ID_HABITACION, COSTO) VALUES ('Bañera',1,0)
    INTO HABITACION_SERVICIO (NOMBRE_SERVICIO, ID_HABITACION, COSTO) VALUES ('Bañera',2,0)
    INTO HABITACION_SERVICIO (NOMBRE_SERVICIO, ID_HABITACION, COSTO) VALUES ('Bañera',3,0)
    INTO HABITACION_SERVICIO (NOMBRE_SERVICIO, ID_HABITACION, COSTO) VALUES ('Bañera',4,0)
    INTO HABITACION_SERVICIO (NOMBRE_SERVICIO, ID_HABITACION, COSTO) VALUES ('Bañera',5,0)
    INTO HABITACION_SERVICIO (NOMBRE_SERVICIO, ID_HABITACION, COSTO) VALUES ('Bañera',6,0)
    INTO HABITACION_SERVICIO (NOMBRE_SERVICIO, ID_HABITACION, COSTO) VALUES ('Bañera',7,0)
    INTO HABITACION_SERVICIO (NOMBRE_SERVICIO, ID_HABITACION, COSTO) VALUES ('Bañera',8,0)
    INTO HABITACION_SERVICIO (NOMBRE_SERVICIO, ID_HABITACION, COSTO) VALUES ('Bañera',9,0)
    INTO HABITACION_SERVICIO (NOMBRE_SERVICIO, ID_HABITACION, COSTO) VALUES ('Bañera',10,0)
    INTO HABITACION_SERVICIO (NOMBRE_SERVICIO, ID_HABITACION, COSTO) VALUES ('Bañera',11,0)
    INTO HABITACION_SERVICIO (NOMBRE_SERVICIO, ID_HABITACION, COSTO) VALUES ('Bañera',12,0)
    INTO HABITACION_SERVICIO (NOMBRE_SERVICIO, ID_HABITACION, COSTO) VALUES ('Bañera',13,0)
    INTO HABITACION_SERVICIO (NOMBRE_SERVICIO, ID_HABITACION, COSTO) VALUES ('Bañera',14,0)
    INTO HABITACION_SERVICIO (NOMBRE_SERVICIO, ID_HABITACION, COSTO) VALUES ('Bañera',15,0)
    INTO HABITACION_SERVICIO (NOMBRE_SERVICIO, ID_HABITACION, COSTO) VALUES ('Bañera',16,0)
    INTO HABITACION_SERVICIO (NOMBRE_SERVICIO, ID_HABITACION, COSTO) VALUES ('Bañera',17,0)
    INTO HABITACION_SERVICIO (NOMBRE_SERVICIO, ID_HABITACION, COSTO) VALUES ('Bañera',18,0)
    INTO HABITACION_SERVICIO (NOMBRE_SERVICIO, ID_HABITACION, COSTO) VALUES ('Bañera',19,0)
    INTO HABITACION_SERVICIO (NOMBRE_SERVICIO, ID_HABITACION, COSTO) VALUES ('Bañera',20,0)
    INTO HABITACION_SERVICIO (NOMBRE_SERVICIO, ID_HABITACION, COSTO) VALUES ('Bañera',21,0)
    INTO HABITACION_SERVICIO (NOMBRE_SERVICIO, ID_HABITACION, COSTO) VALUES ('Bañera',22,0)
    INTO HABITACION_SERVICIO (NOMBRE_SERVICIO, ID_HABITACION, COSTO) VALUES ('Bañera',23,0)
    INTO HABITACION_SERVICIO (NOMBRE_SERVICIO, ID_HABITACION, COSTO) VALUES ('Bañera',24,0)
    INTO HABITACION_SERVICIO (NOMBRE_SERVICIO, ID_HABITACION, COSTO) VALUES ('Bañera',25,0)
    INTO HABITACION_SERVICIO (NOMBRE_SERVICIO, ID_HABITACION, COSTO) VALUES ('Bañera',26,0)
    INTO HABITACION_SERVICIO (NOMBRE_SERVICIO, ID_HABITACION, COSTO) VALUES ('Yacuzzi',1,0)
    INTO HABITACION_SERVICIO (NOMBRE_SERVICIO, ID_HABITACION, COSTO) VALUES ('Yacuzzi',2,0)
    INTO HABITACION_SERVICIO (NOMBRE_SERVICIO, ID_HABITACION, COSTO) VALUES ('Yacuzzi',3,0)
    INTO HABITACION_SERVICIO (NOMBRE_SERVICIO, ID_HABITACION, COSTO) VALUES ('Yacuzzi',4,0)
    INTO HABITACION_SERVICIO (NOMBRE_SERVICIO, ID_HABITACION, COSTO) VALUES ('Yacuzzi',5,0)
    INTO HABITACION_SERVICIO (NOMBRE_SERVICIO, ID_HABITACION, COSTO) VALUES ('Yacuzzi',6,0)
    INTO HABITACION_SERVICIO (NOMBRE_SERVICIO, ID_HABITACION, COSTO) VALUES ('Yacuzzi',7,0)
    INTO HABITACION_SERVICIO (NOMBRE_SERVICIO, ID_HABITACION, COSTO) VALUES ('Yacuzzi',8,0)
    INTO HABITACION_SERVICIO (NOMBRE_SERVICIO, ID_HABITACION, COSTO) VALUES ('Yacuzzi',9,0)
    INTO HABITACION_SERVICIO (NOMBRE_SERVICIO, ID_HABITACION, COSTO) VALUES ('Yacuzzi',10,0)
    INTO HABITACION_SERVICIO (NOMBRE_SERVICIO, ID_HABITACION, COSTO) VALUES ('Yacuzzi',11,0)
    INTO HABITACION_SERVICIO (NOMBRE_SERVICIO, ID_HABITACION, COSTO) VALUES ('Yacuzzi',12,0)
    INTO HABITACION_SERVICIO (NOMBRE_SERVICIO, ID_HABITACION, COSTO) VALUES ('Yacuzzi',13,0)
    INTO HABITACION_SERVICIO (NOMBRE_SERVICIO, ID_HABITACION, COSTO) VALUES ('Yacuzzi',14,0)
    INTO HABITACION_SERVICIO (NOMBRE_SERVICIO, ID_HABITACION, COSTO) VALUES ('Yacuzzi',15,0)
    INTO HABITACION_SERVICIO (NOMBRE_SERVICIO, ID_HABITACION, COSTO) VALUES ('Yacuzzi',16,0)
    INTO HABITACION_SERVICIO (NOMBRE_SERVICIO, ID_HABITACION, COSTO) VALUES ('Yacuzzi',17,0)
    INTO HABITACION_SERVICIO (NOMBRE_SERVICIO, ID_HABITACION, COSTO) VALUES ('Yacuzzi',18,0)
    INTO HABITACION_SERVICIO (NOMBRE_SERVICIO, ID_HABITACION, COSTO) VALUES ('Yacuzzi',19,0)
    INTO HABITACION_SERVICIO (NOMBRE_SERVICIO, ID_HABITACION, COSTO) VALUES ('Yacuzzi',20,0)
    INTO HABITACION_SERVICIO (NOMBRE_SERVICIO, ID_HABITACION, COSTO) VALUES ('Yacuzzi',21,0)
    INTO HABITACION_SERVICIO (NOMBRE_SERVICIO, ID_HABITACION, COSTO) VALUES ('Yacuzzi',22,0)
    INTO HABITACION_SERVICIO (NOMBRE_SERVICIO, ID_HABITACION, COSTO) VALUES ('Yacuzzi',23,0)
    INTO HABITACION_SERVICIO (NOMBRE_SERVICIO, ID_HABITACION, COSTO) VALUES ('Yacuzzi',24,0)
    INTO HABITACION_SERVICIO (NOMBRE_SERVICIO, ID_HABITACION, COSTO) VALUES ('Yacuzzi',25,0)
    INTO HABITACION_SERVICIO (NOMBRE_SERVICIO, ID_HABITACION, COSTO) VALUES ('Yacuzzi',26,0)
    INTO HABITACION_SERVICIO (NOMBRE_SERVICIO, ID_HABITACION, COSTO) VALUES ('Yacuzzi',35,0)
    INTO HABITACION_SERVICIO (NOMBRE_SERVICIO, ID_HABITACION, COSTO) VALUES ('Yacuzzi',49,0)
    INTO HABITACION_SERVICIO (NOMBRE_SERVICIO, ID_HABITACION, COSTO) VALUES ('Yacuzzi',54,0)
    INTO HABITACION_SERVICIO (NOMBRE_SERVICIO, ID_HABITACION, COSTO) VALUES ('Yacuzzi',64,0)
    INTO HABITACION_SERVICIO (NOMBRE_SERVICIO, ID_HABITACION, COSTO) VALUES ('Cocineta',1,0)
    INTO HABITACION_SERVICIO (NOMBRE_SERVICIO, ID_HABITACION, COSTO) VALUES ('Cocineta',2,0)
    INTO HABITACION_SERVICIO (NOMBRE_SERVICIO, ID_HABITACION, COSTO) VALUES ('Cocineta',3,0)
    INTO HABITACION_SERVICIO (NOMBRE_SERVICIO, ID_HABITACION, COSTO) VALUES ('Cocineta',4,0)
    INTO HABITACION_SERVICIO (NOMBRE_SERVICIO, ID_HABITACION, COSTO) VALUES ('Cocineta',5,0)
    INTO HABITACION_SERVICIO (NOMBRE_SERVICIO, ID_HABITACION, COSTO) VALUES ('Cocineta',6,0)
    INTO HABITACION_SERVICIO (NOMBRE_SERVICIO, ID_HABITACION, COSTO) VALUES ('Cocineta',7,0)
    INTO HABITACION_SERVICIO (NOMBRE_SERVICIO, ID_HABITACION, COSTO) VALUES ('Cocineta',8,0)
    INTO HABITACION_SERVICIO (NOMBRE_SERVICIO, ID_HABITACION, COSTO) VALUES ('Cocineta',9,0)
    INTO HABITACION_SERVICIO (NOMBRE_SERVICIO, ID_HABITACION, COSTO) VALUES ('Cocineta',10,0)
    INTO HABITACION_SERVICIO (NOMBRE_SERVICIO, ID_HABITACION, COSTO) VALUES ('Cocineta',11,0)
    INTO HABITACION_SERVICIO (NOMBRE_SERVICIO, ID_HABITACION, COSTO) VALUES ('Cocineta',12,0)
    INTO HABITACION_SERVICIO (NOMBRE_SERVICIO, ID_HABITACION, COSTO) VALUES ('Cocineta',13,0)
    INTO HABITACION_SERVICIO (NOMBRE_SERVICIO, ID_HABITACION, COSTO) VALUES ('Cocineta',14,0)
    INTO HABITACION_SERVICIO (NOMBRE_SERVICIO, ID_HABITACION, COSTO) VALUES ('Cocineta',15,0)
    INTO HABITACION_SERVICIO (NOMBRE_SERVICIO, ID_HABITACION, COSTO) VALUES ('Cocineta',16,0)
    INTO HABITACION_SERVICIO (NOMBRE_SERVICIO, ID_HABITACION, COSTO) VALUES ('Cocineta',17,0)
    INTO HABITACION_SERVICIO (NOMBRE_SERVICIO, ID_HABITACION, COSTO) VALUES ('Cocineta',18,0)
    INTO HABITACION_SERVICIO (NOMBRE_SERVICIO, ID_HABITACION, COSTO) VALUES ('Cocineta',19,0)
    INTO HABITACION_SERVICIO (NOMBRE_SERVICIO, ID_HABITACION, COSTO) VALUES ('Cocineta',20,0)
    INTO HABITACION_SERVICIO (NOMBRE_SERVICIO, ID_HABITACION, COSTO) VALUES ('Cocineta',21,0)
    INTO HABITACION_SERVICIO (NOMBRE_SERVICIO, ID_HABITACION, COSTO) VALUES ('Cocineta',22,0)
    INTO HABITACION_SERVICIO (NOMBRE_SERVICIO, ID_HABITACION, COSTO) VALUES ('Cocineta',23,0)
    INTO HABITACION_SERVICIO (NOMBRE_SERVICIO, ID_HABITACION, COSTO) VALUES ('Cocineta',24,0)
    INTO HABITACION_SERVICIO (NOMBRE_SERVICIO, ID_HABITACION, COSTO) VALUES ('Cocineta',25,0)
    INTO HABITACION_SERVICIO (NOMBRE_SERVICIO, ID_HABITACION, COSTO) VALUES ('Cocineta',26,0)
    INTO HABITACION_SERVICIO (NOMBRE_SERVICIO, ID_HABITACION, COSTO) VALUES ('Cocineta',27,0)
    INTO HABITACION_SERVICIO (NOMBRE_SERVICIO, ID_HABITACION, COSTO) VALUES ('Cocineta',28,0)
    INTO HABITACION_SERVICIO (NOMBRE_SERVICIO, ID_HABITACION, COSTO) VALUES ('Cocineta',29,0)
    INTO HABITACION_SERVICIO (NOMBRE_SERVICIO, ID_HABITACION, COSTO) VALUES ('Cocineta',30,0)
    INTO HABITACION_SERVICIO (NOMBRE_SERVICIO, ID_HABITACION, COSTO) VALUES ('Cocineta',31,0)
    INTO HABITACION_SERVICIO (NOMBRE_SERVICIO, ID_HABITACION, COSTO) VALUES ('Cocineta',32,0)
    INTO HABITACION_SERVICIO (NOMBRE_SERVICIO, ID_HABITACION, COSTO) VALUES ('Cocineta',33,0)
    INTO HABITACION_SERVICIO (NOMBRE_SERVICIO, ID_HABITACION, COSTO) VALUES ('Cocineta',34,0)
    INTO HABITACION_SERVICIO (NOMBRE_SERVICIO, ID_HABITACION, COSTO) VALUES ('Cocineta',35,0)
    INTO HABITACION_SERVICIO (NOMBRE_SERVICIO, ID_HABITACION, COSTO) VALUES ('Cocineta',36,0)
    INTO HABITACION_SERVICIO (NOMBRE_SERVICIO, ID_HABITACION, COSTO) VALUES ('Cocineta',37,0)
    INTO HABITACION_SERVICIO (NOMBRE_SERVICIO, ID_HABITACION, COSTO) VALUES ('Cocineta',38,0)
    INTO HABITACION_SERVICIO (NOMBRE_SERVICIO, ID_HABITACION, COSTO) VALUES ('Cocineta',39,0)
    INTO HABITACION_SERVICIO (NOMBRE_SERVICIO, ID_HABITACION, COSTO) VALUES ('Cocineta',40,0)
    INTO HABITACION_SERVICIO (NOMBRE_SERVICIO, ID_HABITACION, COSTO) VALUES ('Cocineta',41,0)
    INTO HABITACION_SERVICIO (NOMBRE_SERVICIO, ID_HABITACION, COSTO) VALUES ('Cocineta',42,0)
    INTO HABITACION_SERVICIO (NOMBRE_SERVICIO, ID_HABITACION, COSTO) VALUES ('Cocineta',43,0)
    INTO HABITACION_SERVICIO (NOMBRE_SERVICIO, ID_HABITACION, COSTO) VALUES ('Cocineta',44,0)
    INTO HABITACION_SERVICIO (NOMBRE_SERVICIO, ID_HABITACION, COSTO) VALUES ('Cocineta',45,5000)
    INTO HABITACION_SERVICIO (NOMBRE_SERVICIO, ID_HABITACION, COSTO) VALUES ('Cocineta',46,0)
    INTO HABITACION_SERVICIO (NOMBRE_SERVICIO, ID_HABITACION, COSTO) VALUES ('Cocineta',47,0)
    INTO HABITACION_SERVICIO (NOMBRE_SERVICIO, ID_HABITACION, COSTO) VALUES ('Cocineta',48,0)
    INTO HABITACION_SERVICIO (NOMBRE_SERVICIO, ID_HABITACION, COSTO) VALUES ('Cocineta',49,6000)
    INTO HABITACION_SERVICIO (NOMBRE_SERVICIO, ID_HABITACION, COSTO) VALUES ('Cocineta',50,0)
    INTO HABITACION_SERVICIO (NOMBRE_SERVICIO, ID_HABITACION, COSTO) VALUES ('Cocineta',51,0)
    INTO HABITACION_SERVICIO (NOMBRE_SERVICIO, ID_HABITACION, COSTO) VALUES ('Cocineta',52,0)
    INTO HABITACION_SERVICIO (NOMBRE_SERVICIO, ID_HABITACION, COSTO) VALUES ('Cocineta',53,0)
    INTO HABITACION_SERVICIO (NOMBRE_SERVICIO, ID_HABITACION, COSTO) VALUES ('Cocineta',54,0)
    INTO HABITACION_SERVICIO (NOMBRE_SERVICIO, ID_HABITACION, COSTO) VALUES ('Cocineta',55,0)
    INTO HABITACION_SERVICIO (NOMBRE_SERVICIO, ID_HABITACION, COSTO) VALUES ('Cocineta',56,5000)
    INTO HABITACION_SERVICIO (NOMBRE_SERVICIO, ID_HABITACION, COSTO) VALUES ('Cocineta',57,0)
    INTO HABITACION_SERVICIO (NOMBRE_SERVICIO, ID_HABITACION, COSTO) VALUES ('Cocineta',58,0)
    INTO HABITACION_SERVICIO (NOMBRE_SERVICIO, ID_HABITACION, COSTO) VALUES ('Cocineta',59,5000)
    INTO HABITACION_SERVICIO (NOMBRE_SERVICIO, ID_HABITACION, COSTO) VALUES ('Cocineta',60,3000)
    INTO HABITACION_SERVICIO (NOMBRE_SERVICIO, ID_HABITACION, COSTO) VALUES ('Cocineta',61,0)
    INTO HABITACION_SERVICIO (NOMBRE_SERVICIO, ID_HABITACION, COSTO) VALUES ('Cocineta',62,0)
    INTO HABITACION_SERVICIO (NOMBRE_SERVICIO, ID_HABITACION, COSTO) VALUES ('Cocineta',63,0)
    INTO HABITACION_SERVICIO (NOMBRE_SERVICIO, ID_HABITACION, COSTO) VALUES ('Cocineta',64,3000)
    INTO HABITACION_SERVICIO (NOMBRE_SERVICIO, ID_HABITACION, COSTO) VALUES ('Cocineta',65,2000)
    INTO HABITACION_SERVICIO (NOMBRE_SERVICIO, ID_HABITACION, COSTO) VALUES ('Cocineta',66,5000)
    INTO HABITACION_SERVICIO (NOMBRE_SERVICIO, ID_HABITACION, COSTO) VALUES ('Cocineta',67,0)
    INTO HABITACION_SERVICIO (NOMBRE_SERVICIO, ID_HABITACION, COSTO) VALUES ('Cocineta',68,0)
    INTO HABITACION_SERVICIO (NOMBRE_SERVICIO, ID_HABITACION, COSTO) VALUES ('Cocineta',69,7000)
    INTO HABITACION_SERVICIO (NOMBRE_SERVICIO, ID_HABITACION, COSTO) VALUES ('Cocineta',70,6000)
    INTO HABITACION_SERVICIO (NOMBRE_SERVICIO, ID_HABITACION, COSTO) VALUES ('Cocineta',71,5000)
    INTO HABITACION_SERVICIO (NOMBRE_SERVICIO, ID_HABITACION, COSTO) VALUES ('Cocineta',72,0)
    INTO HABITACION_SERVICIO (NOMBRE_SERVICIO, ID_HABITACION, COSTO) VALUES ('Cocineta',73,0)
    INTO HABITACION_SERVICIO (NOMBRE_SERVICIO, ID_HABITACION, COSTO) VALUES ('Cocineta',74,0)
    INTO HABITACION_SERVICIO (NOMBRE_SERVICIO, ID_HABITACION, COSTO) VALUES ('Cocineta',75,6000)
    INTO HABITACION_SERVICIO (NOMBRE_SERVICIO, ID_HABITACION, COSTO) VALUES ('Cocineta',76,5000)
    INTO HABITACION_SERVICIO (NOMBRE_SERVICIO, ID_HABITACION, COSTO) VALUES ('Cocineta',77,5000)
    INTO HABITACION_SERVICIO (NOMBRE_SERVICIO, ID_HABITACION, COSTO) VALUES ('Cocineta',78,5000)
    INTO HABITACION_SERVICIO (NOMBRE_SERVICIO, ID_HABITACION, COSTO) VALUES ('Cocineta',79,5000)
    INTO HABITACION_SERVICIO (NOMBRE_SERVICIO, ID_HABITACION, COSTO) VALUES ('Cocineta',80,0)
    INTO HABITACION_SERVICIO (NOMBRE_SERVICIO, ID_HABITACION, COSTO) VALUES ('Cocineta',81,0)
    INTO HABITACION_SERVICIO (NOMBRE_SERVICIO, ID_HABITACION, COSTO) VALUES ('Cocineta',82,0)
    INTO HABITACION_SERVICIO (NOMBRE_SERVICIO, ID_HABITACION, COSTO) VALUES ('Cocineta',83,0)
    INTO HABITACION_SERVICIO (NOMBRE_SERVICIO, ID_HABITACION, COSTO) VALUES ('Cocineta',84,0)
    INTO HABITACION_SERVICIO (NOMBRE_SERVICIO, ID_HABITACION, COSTO) VALUES ('Cocineta',85,0)
    INTO HABITACION_SERVICIO (NOMBRE_SERVICIO, ID_HABITACION, COSTO) VALUES ('Cocineta',86,0)
    INTO HABITACION_SERVICIO (NOMBRE_SERVICIO, ID_HABITACION, COSTO) VALUES ('Cocineta',87,6000)
    INTO HABITACION_SERVICIO (NOMBRE_SERVICIO, ID_HABITACION, COSTO) VALUES ('Cocineta',88,6000)
    INTO HABITACION_SERVICIO (NOMBRE_SERVICIO, ID_HABITACION, COSTO) VALUES ('Cocineta',89,6000)
    INTO HABITACION_SERVICIO (NOMBRE_SERVICIO, ID_HABITACION, COSTO) VALUES ('Cocineta',90,0)
    INTO HABITACION_SERVICIO (NOMBRE_SERVICIO, ID_HABITACION, COSTO) VALUES ('Cocineta',91,0)
    INTO HABITACION_SERVICIO (NOMBRE_SERVICIO, ID_HABITACION, COSTO) VALUES ('Cocineta',92,0)
    INTO HABITACION_SERVICIO (NOMBRE_SERVICIO, ID_HABITACION, COSTO) VALUES ('Cocineta',93,0)
    INTO HABITACION_SERVICIO (NOMBRE_SERVICIO, ID_HABITACION, COSTO) VALUES ('Cocineta',94,0)
    INTO HABITACION_SERVICIO (NOMBRE_SERVICIO, ID_HABITACION, COSTO) VALUES ('Cocineta',95,0)
    INTO HABITACION_SERVICIO (NOMBRE_SERVICIO, ID_HABITACION, COSTO) VALUES ('Cocineta',96,0)
    INTO HABITACION_SERVICIO (NOMBRE_SERVICIO, ID_HABITACION, COSTO) VALUES ('Cocineta',97,0)
    INTO HABITACION_SERVICIO (NOMBRE_SERVICIO, ID_HABITACION, COSTO) VALUES ('Cocineta',98,0)
    INTO HABITACION_SERVICIO (NOMBRE_SERVICIO, ID_HABITACION, COSTO) VALUES ('Cocineta',99,0)
    INTO HABITACION_SERVICIO (NOMBRE_SERVICIO, ID_HABITACION, COSTO) VALUES ('Cocineta',100,0)
    INTO HABITACION_SERVICIO (NOMBRE_SERVICIO, ID_HABITACION, COSTO) VALUES ('Cocineta',101,0)
    INTO HABITACION_SERVICIO (NOMBRE_SERVICIO, ID_HABITACION, COSTO) VALUES ('Cocineta',102,0)
    INTO HABITACION_SERVICIO (NOMBRE_SERVICIO, ID_HABITACION, COSTO) VALUES ('TV Cable',1,0)
    INTO HABITACION_SERVICIO (NOMBRE_SERVICIO, ID_HABITACION, COSTO) VALUES ('TV Cable',2,0)
    INTO HABITACION_SERVICIO (NOMBRE_SERVICIO, ID_HABITACION, COSTO) VALUES ('TV Cable',3,0)
    INTO HABITACION_SERVICIO (NOMBRE_SERVICIO, ID_HABITACION, COSTO) VALUES ('TV Cable',4,0)
    INTO HABITACION_SERVICIO (NOMBRE_SERVICIO, ID_HABITACION, COSTO) VALUES ('TV Cable',5,0)
    INTO HABITACION_SERVICIO (NOMBRE_SERVICIO, ID_HABITACION, COSTO) VALUES ('TV Cable',6,0)
    INTO HABITACION_SERVICIO (NOMBRE_SERVICIO, ID_HABITACION, COSTO) VALUES ('TV Cable',7,0)
    INTO HABITACION_SERVICIO (NOMBRE_SERVICIO, ID_HABITACION, COSTO) VALUES ('TV Cable',8,0)
    INTO HABITACION_SERVICIO (NOMBRE_SERVICIO, ID_HABITACION, COSTO) VALUES ('TV Cable',9,0)
    INTO HABITACION_SERVICIO (NOMBRE_SERVICIO, ID_HABITACION, COSTO) VALUES ('TV Cable',10,0)
    INTO HABITACION_SERVICIO (NOMBRE_SERVICIO, ID_HABITACION, COSTO) VALUES ('TV Cable',11,0)
    INTO HABITACION_SERVICIO (NOMBRE_SERVICIO, ID_HABITACION, COSTO) VALUES ('TV Cable',12,0)
    INTO HABITACION_SERVICIO (NOMBRE_SERVICIO, ID_HABITACION, COSTO) VALUES ('TV Cable',13,0)
    INTO HABITACION_SERVICIO (NOMBRE_SERVICIO, ID_HABITACION, COSTO) VALUES ('TV Cable',14,0)
    INTO HABITACION_SERVICIO (NOMBRE_SERVICIO, ID_HABITACION, COSTO) VALUES ('TV Cable',15,0)
    INTO HABITACION_SERVICIO (NOMBRE_SERVICIO, ID_HABITACION, COSTO) VALUES ('TV Cable',16,0)
    INTO HABITACION_SERVICIO (NOMBRE_SERVICIO, ID_HABITACION, COSTO) VALUES ('TV Cable',17,0)
    INTO HABITACION_SERVICIO (NOMBRE_SERVICIO, ID_HABITACION, COSTO) VALUES ('TV Cable',18,0)
    INTO HABITACION_SERVICIO (NOMBRE_SERVICIO, ID_HABITACION, COSTO) VALUES ('TV Cable',19,0)
    INTO HABITACION_SERVICIO (NOMBRE_SERVICIO, ID_HABITACION, COSTO) VALUES ('TV Cable',20,0)
    INTO HABITACION_SERVICIO (NOMBRE_SERVICIO, ID_HABITACION, COSTO) VALUES ('TV Cable',21,0)
    INTO HABITACION_SERVICIO (NOMBRE_SERVICIO, ID_HABITACION, COSTO) VALUES ('TV Cable',22,0)
    INTO HABITACION_SERVICIO (NOMBRE_SERVICIO, ID_HABITACION, COSTO) VALUES ('TV Cable',23,0)
    INTO HABITACION_SERVICIO (NOMBRE_SERVICIO, ID_HABITACION, COSTO) VALUES ('TV Cable',24,0)
    INTO HABITACION_SERVICIO (NOMBRE_SERVICIO, ID_HABITACION, COSTO) VALUES ('TV Cable',25,0)
    INTO HABITACION_SERVICIO (NOMBRE_SERVICIO, ID_HABITACION, COSTO) VALUES ('TV Cable',26,0)
    INTO HABITACION_SERVICIO (NOMBRE_SERVICIO, ID_HABITACION, COSTO) VALUES ('TV Cable',27,0)
    INTO HABITACION_SERVICIO (NOMBRE_SERVICIO, ID_HABITACION, COSTO) VALUES ('TV Cable',28,0)
    INTO HABITACION_SERVICIO (NOMBRE_SERVICIO, ID_HABITACION, COSTO) VALUES ('TV Cable',29,0)
    INTO HABITACION_SERVICIO (NOMBRE_SERVICIO, ID_HABITACION, COSTO) VALUES ('TV Cable',30,0)
    INTO HABITACION_SERVICIO (NOMBRE_SERVICIO, ID_HABITACION, COSTO) VALUES ('TV Cable',31,0)
    INTO HABITACION_SERVICIO (NOMBRE_SERVICIO, ID_HABITACION, COSTO) VALUES ('TV Cable',32,0)
    INTO HABITACION_SERVICIO (NOMBRE_SERVICIO, ID_HABITACION, COSTO) VALUES ('TV Cable',33,0)
    INTO HABITACION_SERVICIO (NOMBRE_SERVICIO, ID_HABITACION, COSTO) VALUES ('TV Cable',34,0)
    INTO HABITACION_SERVICIO (NOMBRE_SERVICIO, ID_HABITACION, COSTO) VALUES ('TV Cable',35,0)
    INTO HABITACION_SERVICIO (NOMBRE_SERVICIO, ID_HABITACION, COSTO) VALUES ('TV Cable',36,0)
    INTO HABITACION_SERVICIO (NOMBRE_SERVICIO, ID_HABITACION, COSTO) VALUES ('TV Cable',37,0)
    INTO HABITACION_SERVICIO (NOMBRE_SERVICIO, ID_HABITACION, COSTO) VALUES ('TV Cable',38,0)
    INTO HABITACION_SERVICIO (NOMBRE_SERVICIO, ID_HABITACION, COSTO) VALUES ('TV Cable',39,0)
    INTO HABITACION_SERVICIO (NOMBRE_SERVICIO, ID_HABITACION, COSTO) VALUES ('TV Cable',40,0)
    INTO HABITACION_SERVICIO (NOMBRE_SERVICIO, ID_HABITACION, COSTO) VALUES ('TV Cable',41,0)
    INTO HABITACION_SERVICIO (NOMBRE_SERVICIO, ID_HABITACION, COSTO) VALUES ('TV Cable',42,0)
    INTO HABITACION_SERVICIO (NOMBRE_SERVICIO, ID_HABITACION, COSTO) VALUES ('TV Cable',43,0)
    INTO HABITACION_SERVICIO (NOMBRE_SERVICIO, ID_HABITACION, COSTO) VALUES ('TV Cable',44,0)
    INTO HABITACION_SERVICIO (NOMBRE_SERVICIO, ID_HABITACION, COSTO) VALUES ('TV Cable',45,0)
    INTO HABITACION_SERVICIO (NOMBRE_SERVICIO, ID_HABITACION, COSTO) VALUES ('TV Cable',46,0)
    INTO HABITACION_SERVICIO (NOMBRE_SERVICIO, ID_HABITACION, COSTO) VALUES ('TV Cable',47,0)
    INTO HABITACION_SERVICIO (NOMBRE_SERVICIO, ID_HABITACION, COSTO) VALUES ('TV Cable',48,0)
    INTO HABITACION_SERVICIO (NOMBRE_SERVICIO, ID_HABITACION, COSTO) VALUES ('TV Cable',49,0)
    INTO HABITACION_SERVICIO (NOMBRE_SERVICIO, ID_HABITACION, COSTO) VALUES ('TV Cable',50,0)
    INTO HABITACION_SERVICIO (NOMBRE_SERVICIO, ID_HABITACION, COSTO) VALUES ('TV Cable',51,0)
    INTO HABITACION_SERVICIO (NOMBRE_SERVICIO, ID_HABITACION, COSTO) VALUES ('TV Cable',52,0)
    INTO HABITACION_SERVICIO (NOMBRE_SERVICIO, ID_HABITACION, COSTO) VALUES ('TV Cable',53,0)
    INTO HABITACION_SERVICIO (NOMBRE_SERVICIO, ID_HABITACION, COSTO) VALUES ('TV Cable',54,0)
    INTO HABITACION_SERVICIO (NOMBRE_SERVICIO, ID_HABITACION, COSTO) VALUES ('TV Cable',55,0)
    INTO HABITACION_SERVICIO (NOMBRE_SERVICIO, ID_HABITACION, COSTO) VALUES ('TV Cable',56,0)
    INTO HABITACION_SERVICIO (NOMBRE_SERVICIO, ID_HABITACION, COSTO) VALUES ('TV Cable',57,0)
    INTO HABITACION_SERVICIO (NOMBRE_SERVICIO, ID_HABITACION, COSTO) VALUES ('TV Cable',58,0)
    INTO HABITACION_SERVICIO (NOMBRE_SERVICIO, ID_HABITACION, COSTO) VALUES ('TV Cable',59,0)
    INTO HABITACION_SERVICIO (NOMBRE_SERVICIO, ID_HABITACION, COSTO) VALUES ('TV Cable',60,0)
    INTO HABITACION_SERVICIO (NOMBRE_SERVICIO, ID_HABITACION, COSTO) VALUES ('TV Cable',61,0)
    INTO HABITACION_SERVICIO (NOMBRE_SERVICIO, ID_HABITACION, COSTO) VALUES ('TV Cable',62,0)
    INTO HABITACION_SERVICIO (NOMBRE_SERVICIO, ID_HABITACION, COSTO) VALUES ('TV Cable',63,0)
    INTO HABITACION_SERVICIO (NOMBRE_SERVICIO, ID_HABITACION, COSTO) VALUES ('TV Cable',64,0)
    INTO HABITACION_SERVICIO (NOMBRE_SERVICIO, ID_HABITACION, COSTO) VALUES ('TV Cable',65,0)
    INTO HABITACION_SERVICIO (NOMBRE_SERVICIO, ID_HABITACION, COSTO) VALUES ('TV Cable',66,0)
    INTO HABITACION_SERVICIO (NOMBRE_SERVICIO, ID_HABITACION, COSTO) VALUES ('TV Cable',67,0)
    INTO HABITACION_SERVICIO (NOMBRE_SERVICIO, ID_HABITACION, COSTO) VALUES ('TV Cable',68,0)
    INTO HABITACION_SERVICIO (NOMBRE_SERVICIO, ID_HABITACION, COSTO) VALUES ('TV Cable',69,0)
    INTO HABITACION_SERVICIO (NOMBRE_SERVICIO, ID_HABITACION, COSTO) VALUES ('TV Cable',70,0)
    INTO HABITACION_SERVICIO (NOMBRE_SERVICIO, ID_HABITACION, COSTO) VALUES ('TV Cable',71,0)
    INTO HABITACION_SERVICIO (NOMBRE_SERVICIO, ID_HABITACION, COSTO) VALUES ('TV Cable',72,0)
    INTO HABITACION_SERVICIO (NOMBRE_SERVICIO, ID_HABITACION, COSTO) VALUES ('TV Cable',73,0)
    INTO HABITACION_SERVICIO (NOMBRE_SERVICIO, ID_HABITACION, COSTO) VALUES ('TV Cable',74,0)
    INTO HABITACION_SERVICIO (NOMBRE_SERVICIO, ID_HABITACION, COSTO) VALUES ('TV Cable',75,0)
    INTO HABITACION_SERVICIO (NOMBRE_SERVICIO, ID_HABITACION, COSTO) VALUES ('TV Cable',76,0)
    INTO HABITACION_SERVICIO (NOMBRE_SERVICIO, ID_HABITACION, COSTO) VALUES ('TV Cable',77,0)
    INTO HABITACION_SERVICIO (NOMBRE_SERVICIO, ID_HABITACION, COSTO) VALUES ('TV Cable',78,0)
    INTO HABITACION_SERVICIO (NOMBRE_SERVICIO, ID_HABITACION, COSTO) VALUES ('TV Cable',79,0)
    INTO HABITACION_SERVICIO (NOMBRE_SERVICIO, ID_HABITACION, COSTO) VALUES ('TV Cable',80,0)
    INTO HABITACION_SERVICIO (NOMBRE_SERVICIO, ID_HABITACION, COSTO) VALUES ('TV Cable',81,0)
    INTO HABITACION_SERVICIO (NOMBRE_SERVICIO, ID_HABITACION, COSTO) VALUES ('TV Cable',82,0)
    INTO HABITACION_SERVICIO (NOMBRE_SERVICIO, ID_HABITACION, COSTO) VALUES ('TV Cable',83,0)
    INTO HABITACION_SERVICIO (NOMBRE_SERVICIO, ID_HABITACION, COSTO) VALUES ('TV Cable',84,0)
    INTO HABITACION_SERVICIO (NOMBRE_SERVICIO, ID_HABITACION, COSTO) VALUES ('TV Cable',85,0)
    INTO HABITACION_SERVICIO (NOMBRE_SERVICIO, ID_HABITACION, COSTO) VALUES ('TV Cable',86,0)
    INTO HABITACION_SERVICIO (NOMBRE_SERVICIO, ID_HABITACION, COSTO) VALUES ('TV Cable',87,0)
    INTO HABITACION_SERVICIO (NOMBRE_SERVICIO, ID_HABITACION, COSTO) VALUES ('TV Cable',88,0)
    INTO HABITACION_SERVICIO (NOMBRE_SERVICIO, ID_HABITACION, COSTO) VALUES ('TV Cable',89,0)
    INTO HABITACION_SERVICIO (NOMBRE_SERVICIO, ID_HABITACION, COSTO) VALUES ('TV Cable',90,0)
    INTO HABITACION_SERVICIO (NOMBRE_SERVICIO, ID_HABITACION, COSTO) VALUES ('TV Cable',91,0)
    INTO HABITACION_SERVICIO (NOMBRE_SERVICIO, ID_HABITACION, COSTO) VALUES ('TV Cable',92,0)
    INTO HABITACION_SERVICIO (NOMBRE_SERVICIO, ID_HABITACION, COSTO) VALUES ('TV Cable',93,0)
    INTO HABITACION_SERVICIO (NOMBRE_SERVICIO, ID_HABITACION, COSTO) VALUES ('TV Cable',94,0)
    INTO HABITACION_SERVICIO (NOMBRE_SERVICIO, ID_HABITACION, COSTO) VALUES ('Servicio de aseo',1,0)
    INTO HABITACION_SERVICIO (NOMBRE_SERVICIO, ID_HABITACION, COSTO) VALUES ('Servicio de aseo',2,0)
    INTO HABITACION_SERVICIO (NOMBRE_SERVICIO, ID_HABITACION, COSTO) VALUES ('Servicio de aseo',3,0)
    INTO HABITACION_SERVICIO (NOMBRE_SERVICIO, ID_HABITACION, COSTO) VALUES ('Servicio de aseo',4,0)
    INTO HABITACION_SERVICIO (NOMBRE_SERVICIO, ID_HABITACION, COSTO) VALUES ('Servicio de aseo',5,0)
    INTO HABITACION_SERVICIO (NOMBRE_SERVICIO, ID_HABITACION, COSTO) VALUES ('Servicio de aseo',6,0)
    INTO HABITACION_SERVICIO (NOMBRE_SERVICIO, ID_HABITACION, COSTO) VALUES ('Servicio de aseo',7,0)
    INTO HABITACION_SERVICIO (NOMBRE_SERVICIO, ID_HABITACION, COSTO) VALUES ('Servicio de aseo',8,0)
    INTO HABITACION_SERVICIO (NOMBRE_SERVICIO, ID_HABITACION, COSTO) VALUES ('Servicio de aseo',9,0)
    INTO HABITACION_SERVICIO (NOMBRE_SERVICIO, ID_HABITACION, COSTO) VALUES ('Servicio de aseo',10,0)
    INTO HABITACION_SERVICIO (NOMBRE_SERVICIO, ID_HABITACION, COSTO) VALUES ('Servicio de aseo',11,0)
    INTO HABITACION_SERVICIO (NOMBRE_SERVICIO, ID_HABITACION, COSTO) VALUES ('Servicio de aseo',12,0)
    INTO HABITACION_SERVICIO (NOMBRE_SERVICIO, ID_HABITACION, COSTO) VALUES ('Servicio de aseo',13,0)
    INTO HABITACION_SERVICIO (NOMBRE_SERVICIO, ID_HABITACION, COSTO) VALUES ('Servicio de aseo',14,0)
    INTO HABITACION_SERVICIO (NOMBRE_SERVICIO, ID_HABITACION, COSTO) VALUES ('Servicio de aseo',15,0)
    INTO HABITACION_SERVICIO (NOMBRE_SERVICIO, ID_HABITACION, COSTO) VALUES ('Servicio de aseo',16,0)
    INTO HABITACION_SERVICIO (NOMBRE_SERVICIO, ID_HABITACION, COSTO) VALUES ('Servicio de aseo',17,0)
    INTO HABITACION_SERVICIO (NOMBRE_SERVICIO, ID_HABITACION, COSTO) VALUES ('Servicio de aseo',18,0)
    INTO HABITACION_SERVICIO (NOMBRE_SERVICIO, ID_HABITACION, COSTO) VALUES ('Servicio de aseo',19,0)
    INTO HABITACION_SERVICIO (NOMBRE_SERVICIO, ID_HABITACION, COSTO) VALUES ('Servicio de aseo',20,0)
    INTO HABITACION_SERVICIO (NOMBRE_SERVICIO, ID_HABITACION, COSTO) VALUES ('Servicio de aseo',21,0)
    INTO HABITACION_SERVICIO (NOMBRE_SERVICIO, ID_HABITACION, COSTO) VALUES ('Servicio de aseo',22,0)
    INTO HABITACION_SERVICIO (NOMBRE_SERVICIO, ID_HABITACION, COSTO) VALUES ('Servicio de aseo',23,0)
    INTO HABITACION_SERVICIO (NOMBRE_SERVICIO, ID_HABITACION, COSTO) VALUES ('Servicio de aseo',24,0)
    INTO HABITACION_SERVICIO (NOMBRE_SERVICIO, ID_HABITACION, COSTO) VALUES ('Servicio de aseo',25,0)
    INTO HABITACION_SERVICIO (NOMBRE_SERVICIO, ID_HABITACION, COSTO) VALUES ('Servicio de aseo',26,0)
    INTO HABITACION_SERVICIO (NOMBRE_SERVICIO, ID_HABITACION, COSTO) VALUES ('Servicio de aseo',27,0)
    INTO HABITACION_SERVICIO (NOMBRE_SERVICIO, ID_HABITACION, COSTO) VALUES ('Servicio de aseo',28,0)
    INTO HABITACION_SERVICIO (NOMBRE_SERVICIO, ID_HABITACION, COSTO) VALUES ('Servicio de aseo',29,0)
    INTO HABITACION_SERVICIO (NOMBRE_SERVICIO, ID_HABITACION, COSTO) VALUES ('Servicio de aseo',30,0)
    INTO HABITACION_SERVICIO (NOMBRE_SERVICIO, ID_HABITACION, COSTO) VALUES ('Servicio de aseo',31,0)
    INTO HABITACION_SERVICIO (NOMBRE_SERVICIO, ID_HABITACION, COSTO) VALUES ('Servicio de aseo',32,0)
    INTO HABITACION_SERVICIO (NOMBRE_SERVICIO, ID_HABITACION, COSTO) VALUES ('Servicio de aseo',33,0)
    INTO HABITACION_SERVICIO (NOMBRE_SERVICIO, ID_HABITACION, COSTO) VALUES ('Servicio de aseo',34,0)
    INTO HABITACION_SERVICIO (NOMBRE_SERVICIO, ID_HABITACION, COSTO) VALUES ('Servicio de aseo',35,0)
    INTO HABITACION_SERVICIO (NOMBRE_SERVICIO, ID_HABITACION, COSTO) VALUES ('Servicio de aseo',36,0)
    INTO HABITACION_SERVICIO (NOMBRE_SERVICIO, ID_HABITACION, COSTO) VALUES ('Servicio de aseo',37,0)
    INTO HABITACION_SERVICIO (NOMBRE_SERVICIO, ID_HABITACION, COSTO) VALUES ('Servicio de aseo',38,0)
    INTO HABITACION_SERVICIO (NOMBRE_SERVICIO, ID_HABITACION, COSTO) VALUES ('Servicio de aseo',39,0)
    INTO HABITACION_SERVICIO (NOMBRE_SERVICIO, ID_HABITACION, COSTO) VALUES ('Servicio de aseo',40,0)
    INTO HABITACION_SERVICIO (NOMBRE_SERVICIO, ID_HABITACION, COSTO) VALUES ('Servicio de aseo',41,0)
    INTO HABITACION_SERVICIO (NOMBRE_SERVICIO, ID_HABITACION, COSTO) VALUES ('Servicio de aseo',42,0)
    INTO HABITACION_SERVICIO (NOMBRE_SERVICIO, ID_HABITACION, COSTO) VALUES ('Servicio de aseo',95,0)
    INTO HABITACION_SERVICIO (NOMBRE_SERVICIO, ID_HABITACION, COSTO) VALUES ('Servicio de aseo',96,0)
    INTO HABITACION_SERVICIO (NOMBRE_SERVICIO, ID_HABITACION, COSTO) VALUES ('Servicio de aseo',97,0)
    INTO HABITACION_SERVICIO (NOMBRE_SERVICIO, ID_HABITACION, COSTO) VALUES ('Servicio de aseo',98,0)
    INTO HABITACION_SERVICIO (NOMBRE_SERVICIO, ID_HABITACION, COSTO) VALUES ('Servicio de aseo',99,0)
    INTO HABITACION_SERVICIO (NOMBRE_SERVICIO, ID_HABITACION, COSTO) VALUES ('Servicio de aseo',100,0)
    INTO HABITACION_SERVICIO (NOMBRE_SERVICIO, ID_HABITACION, COSTO) VALUES ('Servicio de aseo',101,0)
    INTO HABITACION_SERVICIO (NOMBRE_SERVICIO, ID_HABITACION, COSTO) VALUES ('Servicio de aseo',102,0)
    INTO HABITACION_SERVICIO (NOMBRE_SERVICIO, ID_HABITACION, COSTO) VALUES ('Comidas',1,0)
    INTO HABITACION_SERVICIO (NOMBRE_SERVICIO, ID_HABITACION, COSTO) VALUES ('Comidas',2,0)
    INTO HABITACION_SERVICIO (NOMBRE_SERVICIO, ID_HABITACION, COSTO) VALUES ('Comidas',3,0)
    INTO HABITACION_SERVICIO (NOMBRE_SERVICIO, ID_HABITACION, COSTO) VALUES ('Comidas',4,0)
    INTO HABITACION_SERVICIO (NOMBRE_SERVICIO, ID_HABITACION, COSTO) VALUES ('Comidas',5,0)
    INTO HABITACION_SERVICIO (NOMBRE_SERVICIO, ID_HABITACION, COSTO) VALUES ('Comidas',6,0)
    INTO HABITACION_SERVICIO (NOMBRE_SERVICIO, ID_HABITACION, COSTO) VALUES ('Comidas',7,30000)
    INTO HABITACION_SERVICIO (NOMBRE_SERVICIO, ID_HABITACION, COSTO) VALUES ('Comidas',8,35000)
    INTO HABITACION_SERVICIO (NOMBRE_SERVICIO, ID_HABITACION, COSTO) VALUES ('Comidas',9,33000)
    INTO HABITACION_SERVICIO (NOMBRE_SERVICIO, ID_HABITACION, COSTO) VALUES ('Comidas',10,0)
    INTO HABITACION_SERVICIO (NOMBRE_SERVICIO, ID_HABITACION, COSTO) VALUES ('Comidas',11,0)
    INTO HABITACION_SERVICIO (NOMBRE_SERVICIO, ID_HABITACION, COSTO) VALUES ('Comidas',12,0)
    INTO HABITACION_SERVICIO (NOMBRE_SERVICIO, ID_HABITACION, COSTO) VALUES ('Comidas',13,20000)
    INTO HABITACION_SERVICIO (NOMBRE_SERVICIO, ID_HABITACION, COSTO) VALUES ('Comidas',14,0)
    INTO HABITACION_SERVICIO (NOMBRE_SERVICIO, ID_HABITACION, COSTO) VALUES ('Comidas',15,0)
    INTO HABITACION_SERVICIO (NOMBRE_SERVICIO, ID_HABITACION, COSTO) VALUES ('Comidas',16,0)
    INTO HABITACION_SERVICIO (NOMBRE_SERVICIO, ID_HABITACION, COSTO) VALUES ('Comidas',17,0)
    INTO HABITACION_SERVICIO (NOMBRE_SERVICIO, ID_HABITACION, COSTO) VALUES ('Comidas',19,20000)
    INTO HABITACION_SERVICIO (NOMBRE_SERVICIO, ID_HABITACION, COSTO) VALUES ('Comidas',20,0)
    INTO HABITACION_SERVICIO (NOMBRE_SERVICIO, ID_HABITACION, COSTO) VALUES ('Comidas',21,0)
    INTO HABITACION_SERVICIO (NOMBRE_SERVICIO, ID_HABITACION, COSTO) VALUES ('Comidas',23,20000)
    INTO HABITACION_SERVICIO (NOMBRE_SERVICIO, ID_HABITACION, COSTO) VALUES ('Comidas',24,0)
    INTO HABITACION_SERVICIO (NOMBRE_SERVICIO, ID_HABITACION, COSTO) VALUES ('Comidas',25,0)
    INTO HABITACION_SERVICIO (NOMBRE_SERVICIO, ID_HABITACION, COSTO) VALUES ('Comidas',26,20000)
    INTO HABITACION_SERVICIO (NOMBRE_SERVICIO, ID_HABITACION, COSTO) VALUES ('Comidas',27,0)
    INTO HABITACION_SERVICIO (NOMBRE_SERVICIO, ID_HABITACION, COSTO) VALUES ('Comidas',28,0)
    INTO HABITACION_SERVICIO (NOMBRE_SERVICIO, ID_HABITACION, COSTO) VALUES ('Comidas',29,0)
    INTO HABITACION_SERVICIO (NOMBRE_SERVICIO, ID_HABITACION, COSTO) VALUES ('Comidas',30,0)
    INTO HABITACION_SERVICIO (NOMBRE_SERVICIO, ID_HABITACION, COSTO) VALUES ('Comidas',31,0)
    INTO HABITACION_SERVICIO (NOMBRE_SERVICIO, ID_HABITACION, COSTO) VALUES ('Comidas',32,20000)
    INTO HABITACION_SERVICIO (NOMBRE_SERVICIO, ID_HABITACION, COSTO) VALUES ('Comidas',33,0)
    INTO HABITACION_SERVICIO (NOMBRE_SERVICIO, ID_HABITACION, COSTO) VALUES ('Comidas',34,0)
    INTO HABITACION_SERVICIO (NOMBRE_SERVICIO, ID_HABITACION, COSTO) VALUES ('Comidas',35,10000)
    INTO HABITACION_SERVICIO (NOMBRE_SERVICIO, ID_HABITACION, COSTO) VALUES ('Comidas',36,0)
    INTO HABITACION_SERVICIO (NOMBRE_SERVICIO, ID_HABITACION, COSTO) VALUES ('Comidas',37,0)
    INTO HABITACION_SERVICIO (NOMBRE_SERVICIO, ID_HABITACION, COSTO) VALUES ('Comidas',38,17000)
    INTO HABITACION_SERVICIO (NOMBRE_SERVICIO, ID_HABITACION, COSTO) VALUES ('Comidas',39,0)
    INTO HABITACION_SERVICIO (NOMBRE_SERVICIO, ID_HABITACION, COSTO) VALUES ('Comidas',40,0)
    INTO HABITACION_SERVICIO (NOMBRE_SERVICIO, ID_HABITACION, COSTO) VALUES ('Comidas',41,22000)
    INTO HABITACION_SERVICIO (NOMBRE_SERVICIO, ID_HABITACION, COSTO) VALUES ('Comidas',42,25000)
    INTO HABITACION_SERVICIO (NOMBRE_SERVICIO, ID_HABITACION, COSTO) VALUES ('Comidas',43,30000)
    INTO HABITACION_SERVICIO (NOMBRE_SERVICIO, ID_HABITACION, COSTO) VALUES ('Comidas',44,0)
    INTO HABITACION_SERVICIO (NOMBRE_SERVICIO, ID_HABITACION, COSTO) VALUES ('Comidas',45,10000)
    INTO HABITACION_SERVICIO (NOMBRE_SERVICIO, ID_HABITACION, COSTO) VALUES ('Comidas',46,0)
    INTO HABITACION_SERVICIO (NOMBRE_SERVICIO, ID_HABITACION, COSTO) VALUES ('Comidas',47,15000)
    INTO HABITACION_SERVICIO (NOMBRE_SERVICIO, ID_HABITACION, COSTO) VALUES ('Comidas',48,0)
    INTO HABITACION_SERVICIO (NOMBRE_SERVICIO, ID_HABITACION, COSTO) VALUES ('Comidas',49,0)
    INTO HABITACION_SERVICIO (NOMBRE_SERVICIO, ID_HABITACION, COSTO) VALUES ('Comidas',50,0)
    INTO HABITACION_SERVICIO (NOMBRE_SERVICIO, ID_HABITACION, COSTO) VALUES ('Comidas',51,7400)
    INTO HABITACION_SERVICIO (NOMBRE_SERVICIO, ID_HABITACION, COSTO) VALUES ('Comidas',52,0)
    INTO HABITACION_SERVICIO (NOMBRE_SERVICIO, ID_HABITACION, COSTO) VALUES ('Comidas',53,0)
    INTO HABITACION_SERVICIO (NOMBRE_SERVICIO, ID_HABITACION, COSTO) VALUES ('Comidas',54,0)
    INTO HABITACION_SERVICIO (NOMBRE_SERVICIO, ID_HABITACION, COSTO) VALUES ('Comidas',56,19000)
    INTO HABITACION_SERVICIO (NOMBRE_SERVICIO, ID_HABITACION, COSTO) VALUES ('Comidas',57,0)
    INTO HABITACION_SERVICIO (NOMBRE_SERVICIO, ID_HABITACION, COSTO) VALUES ('Comidas',58,0)
    INTO HABITACION_SERVICIO (NOMBRE_SERVICIO, ID_HABITACION, COSTO) VALUES ('Comidas',59,15000)
    INTO HABITACION_SERVICIO (NOMBRE_SERVICIO, ID_HABITACION, COSTO) VALUES ('Comidas',60,0)
    INTO HABITACION_SERVICIO (NOMBRE_SERVICIO, ID_HABITACION, COSTO) VALUES ('Comidas',61,340)
    INTO HABITACION_SERVICIO (NOMBRE_SERVICIO, ID_HABITACION, COSTO) VALUES ('Comidas',62,0)
    INTO HABITACION_SERVICIO (NOMBRE_SERVICIO, ID_HABITACION, COSTO) VALUES ('Comidas',63,0)
    INTO HABITACION_SERVICIO (NOMBRE_SERVICIO, ID_HABITACION, COSTO) VALUES ('Comidas',64,0)
    INTO HABITACION_SERVICIO (NOMBRE_SERVICIO, ID_HABITACION, COSTO) VALUES ('Baño privado',1,0)
    INTO HABITACION_SERVICIO (NOMBRE_SERVICIO, ID_HABITACION, COSTO) VALUES ('Baño privado',2,0)
    INTO HABITACION_SERVICIO (NOMBRE_SERVICIO, ID_HABITACION, COSTO) VALUES ('Baño privado',3,0)
    INTO HABITACION_SERVICIO (NOMBRE_SERVICIO, ID_HABITACION, COSTO) VALUES ('Baño privado',4,0)
    INTO HABITACION_SERVICIO (NOMBRE_SERVICIO, ID_HABITACION, COSTO) VALUES ('Baño privado',5,0)
    INTO HABITACION_SERVICIO (NOMBRE_SERVICIO, ID_HABITACION, COSTO) VALUES ('Baño privado',6,0)
    INTO HABITACION_SERVICIO (NOMBRE_SERVICIO, ID_HABITACION, COSTO) VALUES ('Baño privado',7,0)
    INTO HABITACION_SERVICIO (NOMBRE_SERVICIO, ID_HABITACION, COSTO) VALUES ('Baño privado',8,0)
    INTO HABITACION_SERVICIO (NOMBRE_SERVICIO, ID_HABITACION, COSTO) VALUES ('Baño privado',9,0)
    INTO HABITACION_SERVICIO (NOMBRE_SERVICIO, ID_HABITACION, COSTO) VALUES ('Baño privado',10,0)
    INTO HABITACION_SERVICIO (NOMBRE_SERVICIO, ID_HABITACION, COSTO) VALUES ('Baño privado',11,0)
    INTO HABITACION_SERVICIO (NOMBRE_SERVICIO, ID_HABITACION, COSTO) VALUES ('Baño privado',12,0)
    INTO HABITACION_SERVICIO (NOMBRE_SERVICIO, ID_HABITACION, COSTO) VALUES ('Baño privado',13,0)
    INTO HABITACION_SERVICIO (NOMBRE_SERVICIO, ID_HABITACION, COSTO) VALUES ('Baño privado',14,0)
    INTO HABITACION_SERVICIO (NOMBRE_SERVICIO, ID_HABITACION, COSTO) VALUES ('Baño privado',15,0)
    INTO HABITACION_SERVICIO (NOMBRE_SERVICIO, ID_HABITACION, COSTO) VALUES ('Baño privado',16,0)
    INTO HABITACION_SERVICIO (NOMBRE_SERVICIO, ID_HABITACION, COSTO) VALUES ('Baño privado',17,0)
    INTO HABITACION_SERVICIO (NOMBRE_SERVICIO, ID_HABITACION, COSTO) VALUES ('Baño privado',18,0)
    INTO HABITACION_SERVICIO (NOMBRE_SERVICIO, ID_HABITACION, COSTO) VALUES ('Baño privado',19,0)
    INTO HABITACION_SERVICIO (NOMBRE_SERVICIO, ID_HABITACION, COSTO) VALUES ('Baño privado',20,0)
    INTO HABITACION_SERVICIO (NOMBRE_SERVICIO, ID_HABITACION, COSTO) VALUES ('Baño privado',21,0)
    INTO HABITACION_SERVICIO (NOMBRE_SERVICIO, ID_HABITACION, COSTO) VALUES ('Baño privado',22,0)
    INTO HABITACION_SERVICIO (NOMBRE_SERVICIO, ID_HABITACION, COSTO) VALUES ('Baño privado',23,0)
    INTO HABITACION_SERVICIO (NOMBRE_SERVICIO, ID_HABITACION, COSTO) VALUES ('Baño privado',24,0)
    INTO HABITACION_SERVICIO (NOMBRE_SERVICIO, ID_HABITACION, COSTO) VALUES ('Baño privado',25,0)
    INTO HABITACION_SERVICIO (NOMBRE_SERVICIO, ID_HABITACION, COSTO) VALUES ('Baño privado',26,0)
    INTO HABITACION_SERVICIO (NOMBRE_SERVICIO, ID_HABITACION, COSTO) VALUES ('Baño privado',27,0)
    INTO HABITACION_SERVICIO (NOMBRE_SERVICIO, ID_HABITACION, COSTO) VALUES ('Baño privado',28,0)
    INTO HABITACION_SERVICIO (NOMBRE_SERVICIO, ID_HABITACION, COSTO) VALUES ('Baño privado',29,0)
    INTO HABITACION_SERVICIO (NOMBRE_SERVICIO, ID_HABITACION, COSTO) VALUES ('Baño privado',30,0)
    INTO HABITACION_SERVICIO (NOMBRE_SERVICIO, ID_HABITACION, COSTO) VALUES ('Baño privado',31,0)
    INTO HABITACION_SERVICIO (NOMBRE_SERVICIO, ID_HABITACION, COSTO) VALUES ('Baño privado',32,0)
SELECT * FROM DUAL;


--INSERT INTO TIEMPO_OCUPACION (FECHA_LLEGADA,FECHA_SALIDA,ID) VALUES ('05/05/2020','06/05/2020',1);
--INSERT INTO TIEMPO_OCUPACION (FECHA_LLEGADA,FECHA_SALIDA,ID) VALUES ('06/05/2020','07/05/2020',2);
--INSERT INTO TIEMPO_OCUPACION (FECHA_LLEGADA,FECHA_SALIDA,ID) VALUES ('06/05/2020','09/05/2020',3);
--INSERT INTO TIEMPO_OCUPACION (FECHA_LLEGADA,FECHA_SALIDA,ID) VALUES ('06/05/2020','08/05/2020',4);
--
--INSERT ALL
--    INTO RESERVA (ESTADO,FECHA,ID,CLIENTE_NUM_DOC,CLIENTE_TIPO_DOC,ALOJAMIENTO,ID_TIEMPO,PRECIO) VALUES ('A',CURRENT_DATE,1,1111111111,'TI',2,1,1)
--    INTO RESERVA (ESTADO,FECHA,ID,CLIENTE_NUM_DOC,CLIENTE_TIPO_DOC,ALOJAMIENTO,ID_TIEMPO,PRECIO) VALUES ('A',CURRENT_DATE,2,1111222222,'CC',3,2,2)
--    INTO RESERVA (ESTADO,FECHA,ID,CLIENTE_NUM_DOC,CLIENTE_TIPO_DOC,ALOJAMIENTO,ID_TIEMPO,PRECIO) VALUES ('A',CURRENT_DATE,3,11113333,'CE',3,3,3)
--    INTO RESERVA (ESTADO,FECHA,ID,CLIENTE_NUM_DOC,CLIENTE_TIPO_DOC,ALOJAMIENTO,ID_TIEMPO,PRECIO) VALUES ('A',CURRENT_DATE,4,1111222222,'TI',2,4,4)
--SELECT * FROM DUAL;

COMMIT;
