select 'Inserciones necesarias para realizar las pruebas' from dual;
INSERT INTO MENAJE (NOMBRE) VALUES ('Sofá');
INSERT INTO PROVEEDOR (NOMBRE, TIPO_DOCUMENTO, NUM_DOCUMENTO) VALUES ('Alfonsina Mar','CE',1111711111);
INSERT INTO ALOJAMIENTO (ID, DIRECCION, PROVEEDOR_TIPO_DOC, PROVEEDOR_NUM_DOC) VALUES (1, 'cll 1 #4-4','CE',1111711111);
INSERT INTO ALOJAMIENTO (ID, DIRECCION, PROVEEDOR_TIPO_DOC, PROVEEDOR_NUM_DOC) VALUES (10, 'cll 2 #4-4','CE',1111711111);
INSERT INTO EMPRESA (ID_ALOJAMIENTO, NOMBRE) VALUES (1,'Torres de la Mar');
INSERT INTO VIVIENDA_UNIVERSITARIA (ID_EMPRESA) VALUES (1);
INSERT INTO SERVICIO (NOMBRE, DESCRIPCION) VALUES ('TV_Cable','Servicio de TV Cable en el inmueble');


select '-----------------------------------------PRUEBAS DE INTEGRIDAD TABLA PROVEEDOR-----------------------------------------'from dual;
INSERT INTO PROVEEDOR (NOMBRE, TIPO_DOCUMENTO, NUM_DOCUMENTO) VALUES ('Joaquin Sabina','CE',1111611111);
INSERT INTO PROVEEDOR (NOMBRE, TIPO_DOCUMENTO, NUM_DOCUMENTO) VALUES ('Joaquin Sabina','FC',1111611112);
INSERT INTO PROVEEDOR (NOMBRE, TIPO_DOCUMENTO, NUM_DOCUMENTO) VALUES (NULL,'FC',1111611113);

select '-----------------------------------------PRUEBAS DE INTEGRIDAD TABLA TIEMPO_OCUPACION-----------------------------------------'from dual;
INSERT INTO TIEMPO_OCUPACION (FECHA_LLEGADA,FECHA_SALIDA,ID) VALUES ('05/05/2020','06/05/2020',1);
INSERT INTO TIEMPO_OCUPACION (FECHA_LLEGADA,FECHA_SALIDA,ID) VALUES ('05/05/2020','04/05/2020',1);
INSERT INTO TIEMPO_OCUPACION (FECHA_LLEGADA,FECHA_SALIDA,ID) VALUES (NULL,'06/05/2020',1);
INSERT INTO TIEMPO_OCUPACION (FECHA_LLEGADA,FECHA_SALIDA,ID) VALUES ('05/05/2020',NULL,1);
INSERT INTO TIEMPO_OCUPACION (FECHA_LLEGADA,FECHA_SALIDA,ID) VALUES (add_months(sysdate, -1),'06/05/2020',1);

select '-----------------------------------------PRUEBAS DE INTEGRIDAD TABLA CLIENTE-----------------------------------------'from dual;
INSERT INTO CLIENTE (NOMBRE,TIPO_PERSONA,TIPO_DOCUMENTO,NUM_DOCUMENTO) VALUES ('Pablo Castilla', 'estudiante', 'TI',1111111111);
INSERT INTO CLIENTE (NOMBRE,TIPO_PERSONA,TIPO_DOCUMENTO,NUM_DOCUMENTO) VALUES (NULL, 'estudiante', 'TI',1111111112);
INSERT INTO CLIENTE (NOMBRE,TIPO_PERSONA,TIPO_DOCUMENTO,NUM_DOCUMENTO) VALUES ('Pablo Castilla', NULL, 'TI',1111111113);
INSERT INTO CLIENTE (NOMBRE,TIPO_PERSONA,TIPO_DOCUMENTO,NUM_DOCUMENTO) VALUES ('Pablo Castilla', 'persona', 'TI',1111111114);
INSERT INTO CLIENTE (NOMBRE,TIPO_PERSONA,TIPO_DOCUMENTO,NUM_DOCUMENTO) VALUES ('Pablo Castilla', 'estudiante', 'FC',1111111115);

select '-----------------------------------------PRUEBAS DE INTEGRIDAD TABLA SERVICIO-----------------------------------------'from dual;
INSERT INTO SERVICIO (NOMBRE, DESCRIPCION) VALUES ('Internet','Servicio de internet en el inmueble');
INSERT INTO SERVICIO (NOMBRE, DESCRIPCION) VALUES ('Internet',NULL);

select '-----------------------------------------PRUEBAS DE INTEGRIDAD TABLA ALOJAMIENTO-----------------------------------------'from dual;
INSERT INTO ALOJAMIENTO (ID, DIRECCION, PROVEEDOR_TIPO_DOC, PROVEEDOR_NUM_DOC) VALUES (2, 'cll 132c #44-44','CE',1111611111);
INSERT INTO ALOJAMIENTO (ID, DIRECCION, PROVEEDOR_TIPO_DOC, PROVEEDOR_NUM_DOC) VALUES (3, 'cll 132c #44-44','CE',1111611111);
INSERT INTO ALOJAMIENTO (ID, DIRECCION, PROVEEDOR_TIPO_DOC, PROVEEDOR_NUM_DOC) VALUES (4, NULL,'CE',1111611111);
INSERT INTO ALOJAMIENTO (ID, DIRECCION, PROVEEDOR_TIPO_DOC, PROVEEDOR_NUM_DOC) VALUES (5, 'cll 132c #44-44',NULL,1111611111);
INSERT INTO ALOJAMIENTO (ID, DIRECCION, PROVEEDOR_TIPO_DOC, PROVEEDOR_NUM_DOC) VALUES (6, 'cll 132c #44-44','CE',NULL);

select '------------------------------------------PRUEBAS DE INTEGRIDAD TABLA EMPRESA-------------------------------------------' from dual;
INSERT INTO EMPRESA (ID_ALOJAMIENTO, NOMBRE) VALUES (2,'Torres de la Floresta');
INSERT INTO EMPRESA (ID_ALOJAMIENTO, NOMBRE) VALUES (10,NULL);

select '-----------------------------------------PRUEBAS DE INTEGRIDAD TABLA HABITACION-----------------------------------------' from dual;
INSERT INTO HABITACION (ID,EMPRESA, NUM_HABITACION, TIPO, UBICACION, CAPACIDAD, COMPARTIDA, TAMANIO) VALUES (1,2,101,'ESTANDAR', 'ubicacion',2,0,12);
INSERT INTO HABITACION (ID,EMPRESA, NUM_HABITACION, TIPO, UBICACION, CAPACIDAD, COMPARTIDA, TAMANIO) VALUES (1,NULL,101,'ESTANDAR', 'ubicacion',2,0,12);
INSERT INTO HABITACION (ID,EMPRESA, NUM_HABITACION, TIPO, UBICACION, CAPACIDAD, COMPARTIDA, TAMANIO) VALUES (1,2,NULL,'ESTANDAR', 'ubicacion',2,0,12);
INSERT INTO HABITACION (ID,EMPRESA, NUM_HABITACION, TIPO, UBICACION, CAPACIDAD, COMPARTIDA, TAMANIO) VALUES (1,2,101,'ESTANDAR', NULL,2,0,12);
INSERT INTO HABITACION (ID,EMPRESA, NUM_HABITACION, TIPO, UBICACION, CAPACIDAD, COMPARTIDA, TAMANIO) VALUES (1,2,101,'ESTANDAR', 'ubicacion',2,4,12);
INSERT INTO HABITACION (ID,EMPRESA, NUM_HABITACION, TIPO, UBICACION, CAPACIDAD, COMPARTIDA, TAMANIO) VALUES (1,2,101,'ESTANDAR', 'ubicacion',2,NULL,12);
INSERT INTO HABITACION (ID,EMPRESA, NUM_HABITACION, TIPO, UBICACION, CAPACIDAD, COMPARTIDA, TAMANIO) VALUES (1,2,101,'ESTANDAR', 'ubicacion',2,0,NULL);
INSERT INTO HABITACION (ID,EMPRESA, NUM_HABITACION, TIPO, UBICACION, CAPACIDAD, COMPARTIDA, TAMANIO) VALUES (1,2,101,'ESTANDAR', 'ubicacion',2,0,-12);
INSERT INTO HABITACION (ID,EMPRESA, NUM_HABITACION, TIPO, UBICACION, CAPACIDAD, COMPARTIDA, TAMANIO) VALUES (1,2,101,'REMAR', 'ubicacion',2,0,12);
INSERT INTO HABITACION (ID,EMPRESA, NUM_HABITACION, TIPO, UBICACION, CAPACIDAD, COMPARTIDA, TAMANIO) VALUES (1,2,101,NULL, 'ubicacion',2,0,12);
INSERT INTO HABITACION (ID,EMPRESA, NUM_HABITACION, TIPO, UBICACION, CAPACIDAD, COMPARTIDA, TAMANIO) VALUES (1,2,101,'ESTANDAR', 'ubicacion',NULL,0,12);
INSERT INTO HABITACION (ID,EMPRESA, NUM_HABITACION, TIPO, UBICACION, CAPACIDAD, COMPARTIDA, TAMANIO) VALUES (1,2,101,'ESTANDAR', 'ubicacion',-2,0,12);

select '-------------------------------------------PRUEBAS DE INTEGRIDAD TABLA HOTEL--------------------------------------------' from dual;
INSERT INTO HOTEL (ID_EMPRESA, ID_SUPERINTENDENCIA, ID_CAMARA) VALUES (1, 'G12HT24', 'EQ42H42');
INSERT INTO HOTEL (ID_EMPRESA, ID_SUPERINTENDENCIA, ID_CAMARA) VALUES (2, 'G12HT24', NULL);
INSERT INTO HOTEL (ID_EMPRESA, ID_SUPERINTENDENCIA, ID_CAMARA) VALUES (2, NULL, 'EQ42H42');
INSERT INTO HOTEL (ID_EMPRESA, ID_SUPERINTENDENCIA, ID_CAMARA) VALUES (2, 'G12HT24', 'EQ42H41');
INSERT INTO HOTEL (ID_EMPRESA, ID_SUPERINTENDENCIA, ID_CAMARA) VALUES (2, 'G12HT21', 'EQ42H42');

select '-------------------------------------------PRUEBAS DE INTEGRIDAD TABLA HOSTAL-------------------------------------------' from dual;
INSERT INTO HOSTAL (ID_EMPRESA,HORARIO_ATENCION,ID_SUPERINTENDENCIA,ID_CAMARA) VALUES (1,'8:00-22:00','39FKIO3','TGW34R2Q4');
INSERT INTO HOSTAL (ID_EMPRESA,HORARIO_ATENCION,ID_SUPERINTENDENCIA,ID_CAMARA) VALUES (2,NULL,'39FKIO3','TGW34R2Q4');
INSERT INTO HOSTAL (ID_EMPRESA,HORARIO_ATENCION,ID_SUPERINTENDENCIA,ID_CAMARA) VALUES (2,'8:00-22:00',NULL,'TGW34R2Q4');
INSERT INTO HOSTAL (ID_EMPRESA,HORARIO_ATENCION,ID_SUPERINTENDENCIA,ID_CAMARA) VALUES (2,'8:00-22:00','39FKIO3',NULL);
INSERT INTO HOSTAL (ID_EMPRESA,HORARIO_ATENCION,ID_SUPERINTENDENCIA,ID_CAMARA) VALUES (2,'8:00-22:00','39FKIO3','TGW34R2Q1');
INSERT INTO HOSTAL (ID_EMPRESA,HORARIO_ATENCION,ID_SUPERINTENDENCIA,ID_CAMARA) VALUES (2,'8:00-22:00','39FKIO1','TGW34R2Q4');

select '--------------------------------------PRUEBAS DE INTEGRIDAD TABLA INMUEBLE_PERSONA--------------------------------------' from dual;
INSERT INTO INMUEBLE_PERSONA (TIPO_PROPIETARIO, NUM_HABITACIONES, AMOBLADO, TIPO_INMUEBLE, ID_ALOJAMIENTO) VALUES ('PROFESOR',3,1,'VIVIENDA_ESPORADICA',1);
INSERT INTO INMUEBLE_PERSONA (TIPO_PROPIETARIO, NUM_HABITACIONES, AMOBLADO, TIPO_INMUEBLE, ID_ALOJAMIENTO) VALUES ('poro',3,1,'VIVIENDA_ESPORADICA',2);
INSERT INTO INMUEBLE_PERSONA (TIPO_PROPIETARIO, NUM_HABITACIONES, AMOBLADO, TIPO_INMUEBLE, ID_ALOJAMIENTO) VALUES (NULL,3,1,'VIVIENDA_ESPORADICA',2);
INSERT INTO INMUEBLE_PERSONA (TIPO_PROPIETARIO, NUM_HABITACIONES, AMOBLADO, TIPO_INMUEBLE, ID_ALOJAMIENTO) VALUES ('PROFESOR',-3,1,'VIVIENDA_ESPORADICA',2);
INSERT INTO INMUEBLE_PERSONA (TIPO_PROPIETARIO, NUM_HABITACIONES, AMOBLADO, TIPO_INMUEBLE, ID_ALOJAMIENTO) VALUES ('PROFESOR',NULL,1,'VIVIENDA_ESPORADICA',2);
INSERT INTO INMUEBLE_PERSONA (TIPO_PROPIETARIO, NUM_HABITACIONES, AMOBLADO, TIPO_INMUEBLE, ID_ALOJAMIENTO) VALUES ('PROFESOR',3,NULL,'VIVIENDA_ESPORADICA',2);
INSERT INTO INMUEBLE_PERSONA (TIPO_PROPIETARIO, NUM_HABITACIONES, AMOBLADO, TIPO_INMUEBLE, ID_ALOJAMIENTO) VALUES ('PROFESOR',3,3,'VIVIENDA_ESPORADICA',2);
INSERT INTO INMUEBLE_PERSONA (TIPO_PROPIETARIO, NUM_HABITACIONES, AMOBLADO, TIPO_INMUEBLE, ID_ALOJAMIENTO) VALUES ('PROFESOR',3,1,NULL,2);
INSERT INTO INMUEBLE_PERSONA (TIPO_PROPIETARIO, NUM_HABITACIONES, AMOBLADO, TIPO_INMUEBLE, ID_ALOJAMIENTO) VALUES ('PROFESOR',3,1,'inmo',2);

select '--------------------------------------PRUEBAS DE INTEGRIDAD TABLA MENAJE_INMUEBLE---------------------------------------' from dual;
INSERT INTO MENAJE_INMUEBLE (ID_INMUEBLE, NOMBRE_MENAJE, CANTIDAD) VALUES (1,'Sofá',3);
INSERT INTO MENAJE_INMUEBLE (ID_INMUEBLE, NOMBRE_MENAJE, CANTIDAD) VALUES (2,'Sofá',NULL);
INSERT INTO MENAJE_INMUEBLE (ID_INMUEBLE, NOMBRE_MENAJE, CANTIDAD) VALUES (2,'Sofá',-3);

select '--------------------------------------PRUEBAS DE INTEGRIDAD TABLA MENAJE_VIVIENDAU--------------------------------------' from dual;
INSERT INTO MENAJE_VIVIENDAU (ID_VIVIENDAU, NOMBRE_MENAJE, CANTIDAD) VALUES (1,'Sofá',20);
INSERT INTO MENAJE_VIVIENDAU (ID_VIVIENDAU, NOMBRE_MENAJE, CANTIDAD) VALUES (2,'Sofá',NULL);
INSERT INTO MENAJE_VIVIENDAU (ID_VIVIENDAU, NOMBRE_MENAJE, CANTIDAD) VALUES (2,'Sofá',-20);

select '------------------------------------PRUEBAS DE INTEGRIDAD TABLA ALOJAMIENTO_SERVICIO------------------------------------' from dual;
INSERT INTO ALOJAMIENTO_SERVICIO(NOMBRE_SERVICIO,ID_ALOJAMIENTO,COSTO) VALUES ('Internet',1,70000);
INSERT INTO ALOJAMIENTO_SERVICIO(NOMBRE_SERVICIO,ID_ALOJAMIENTO,COSTO) VALUES ('TV_Cable',1,NULL);
INSERT INTO ALOJAMIENTO_SERVICIO(NOMBRE_SERVICIO,ID_ALOJAMIENTO,COSTO) VALUES ('TV_Cable',1,-70000);

select '------------------------------------PRUEBAS DE INTEGRIDAD TABLA HABITACION_SERVICIO-------------------------------------' from dual;
INSERT INTO HABITACION_SERVICIO (NOMBRE_SERVICIO, ID_HABITACION, COSTO) VALUES ('Internet',1,0);
INSERT INTO HABITACION_SERVICIO (NOMBRE_SERVICIO, ID_HABITACION, COSTO) VALUES ('TV_Cable',1,NULL);
INSERT INTO HABITACION_SERVICIO (NOMBRE_SERVICIO, ID_HABITACION, COSTO) VALUES ('TV_Cable',1,-10);

select '------------------------------------------PRUEBAS DE INTEGRIDAD TABLA RESERVA-------------------------------------------' from dual;
INSERT INTO RESERVA (ESTADO,FECHA,ID,CLIENTE_NUM_DOC,CLIENTE_TIPO_DOC,ALOJAMIENTO,ID_TIEMPO,PRECIO) VALUES ('A',CURRENT_DATE,1,1111111111,'TI',2,1,1);
INSERT INTO RESERVA (ESTADO,FECHA,ID,CLIENTE_NUM_DOC,CLIENTE_TIPO_DOC,ALOJAMIENTO,ID_TIEMPO,PRECIO) VALUES (NULL,CURRENT_DATE,2,1111111111,'TI',2,1,1);
INSERT INTO RESERVA (ESTADO,FECHA,ID,CLIENTE_NUM_DOC,CLIENTE_TIPO_DOC,ALOJAMIENTO,ID_TIEMPO,PRECIO) VALUES ('A',CURRENT_DATE,3,1111111111,'TI',2,1,NULL);
INSERT INTO RESERVA (ESTADO,FECHA,ID,CLIENTE_NUM_DOC,CLIENTE_TIPO_DOC,ALOJAMIENTO,ID_TIEMPO,PRECIO) VALUES ('A',NULL,4,1111111111,'TI',2,1,1);
INSERT INTO RESERVA (ESTADO,FECHA,ID,CLIENTE_NUM_DOC,CLIENTE_TIPO_DOC,ALOJAMIENTO,ID_TIEMPO,PRECIO) VALUES ('A',CURRENT_DATE,5,NULL,'TI',2,1,1);
INSERT INTO RESERVA (ESTADO,FECHA,ID,CLIENTE_NUM_DOC,CLIENTE_TIPO_DOC,ALOJAMIENTO,ID_TIEMPO,PRECIO) VALUES ('A',CURRENT_DATE,6,1111111111,NULL,2,1,1);
INSERT INTO RESERVA (ESTADO,FECHA,ID,CLIENTE_NUM_DOC,CLIENTE_TIPO_DOC,ALOJAMIENTO,ID_TIEMPO,PRECIO) VALUES ('A',CURRENT_DATE,7,1111111111,'TI',2,1,-1);
